"Country","Year","Medical doctors (per 10 000 population)","Medical doctors (number)","Generalist medical practitioners (number)","Specialist medical practitioners (number)","Medical doctors not further defined (number)"
"Afghanistan"," 2016","2.840","9842","","","9842"
"Afghanistan"," 2015","2.907","9808","","","9808"
"Afghanistan"," 2014","3.039","9954","","","9954"
"Afghanistan"," 2013","2.894","9184","","","9184"
"Afghanistan"," 2012","2.450","7521","","","7521"
"Afghanistan"," 2011","2.553","7584","","","7584"
"Afghanistan"," 2010","2.396","6901","","","6901"
"Afghanistan"," 2009","2.156","6037","","","6037"
"Afghanistan"," 2008","1.771","4834","","","4834"
"Afghanistan"," 2007","1.774","4723","","","4723"
"Afghanistan"," 2006","1.630","4220","","","4220"
"Afghanistan"," 2001","1.957","4104","","","4104"
"Albania"," 2016","11.998","3511","","","3511"
"Albania"," 2013","12.706","3709","","","3709"
"Albania"," 2012","12.658","3696","","","3696"
"Albania"," 2011","12.225","3578","","","3578"
"Albania"," 2010","12.379","3640","","","3640"
"Algeria"," 2016","18.300","74309","","","74309"
"Algeria"," 2007","11.912","40857","","","40857"
"Algeria"," 2005","10.199","33952","","","33952"
"Algeria"," 2002","11.054","35368","","","35368"
"Andorra"," 2015","33.333","260","","","260"
"Andorra"," 2003","33.333","244","","","244"
"Angola"," 2017","2.149","6400","","","6400"
"Angola"," 2009","1.311","2956","","","2956"
"Angola"," 2004","0.618","1165","","","1165"
"Angola"," 1997","0.584","881","","","881"
"Antigua and Barbuda"," 2017","27.647","282","","","282"
"Antigua and Barbuda"," 2007","15.755","144","","","144"
"Antigua and Barbuda"," 1999","1.467","12","","","12"
"Argentina"," 2017","39.600","175313","","","175313"
"Argentina"," 2013","39.066","166187","","","166187"
"Argentina"," 2004","31.662","122623","","","122623"
"Argentina"," 2001","32.311","121076","","","121076"
"Argentina"," 1998","30.021","108800","","","108800"
"Argentina"," 1992","26.385","88800","","","88800"
"Armenia"," 2014","28.990","8425","","","8425"
"Armenia"," 2013","29.072","8412","","","8412"
"Armenia"," 2012","28.991","8355","","","8355"
"Armenia"," 2011","28.686","8249","","","8249"
"Armenia"," 2010","28.419","8177","","","8177"
"Australia"," 2016","35.874","86550","","","86550"
"Australia"," 2015","35.213","83804","","","83804"
"Australia"," 2014","34.620","81269","","","81269"
"Australia"," 2013","33.882","78439","","","78439"
"Australia"," 2012","32.976","75258","","","75258"
"Australia"," 2011","32.963","74100","","","74100"
"Australia"," 2010","33.481","74061","","","74061"
"Australia"," 2009","28.888","62800","","","62800"
"Australia"," 2006","26.765","55065","","","55065"
"Australia"," 2001","24.846","47875","","","47875"
"Australia"," 1996","25.199","46043","","","46043"
"Austria"," 2016","51.441","44816","","","44816"
"Austria"," 2015","50.701","44002","","","44002"
"Austria"," 2014","49.954","43126","","","43126"
"Austria"," 2013","49.316","42302","","","42302"
"Austria"," 2012","48.450","41268","","","41268"
"Austria"," 2011","48.031","40634","","","40634"
"Austria"," 2010","47.688","40105","","","40105"
"Azerbaijan"," 2014","34.466","32756","","","32756"
"Azerbaijan"," 2013","34.558","32434","","","32434"
"Azerbaijan"," 2012","34.901","32335","","","32335"
"Azerbaijan"," 2011","34.375","31441","","","31441"
"Azerbaijan"," 2010","36.629","33085","","","33085"
"Bahamas"," 2017","19.373","766","","","766"
"Bahamas"," 2011","22.640","830","","","830"
"Bahamas"," 2008","27.158","947","","","947"
"Bahamas"," 1998","10.755","312","","","312"
"Bahrain"," 2015","9.257","1270","","","1270"
"Bahrain"," 2014","9.570","1279","","","1279"
"Bahrain"," 2013","9.533","1254","","","1254"
"Bahrain"," 2012","9.568","1244","","","1244"
"Bahrain"," 2011","9.450","1208","","","1208"
"Bahrain"," 2010","9.493","1178","","","1178"
"Bahrain"," 2009","9.696","1149","","","1149"
"Bahrain"," 2008","9.896","1103","","","1103"
"Bahrain"," 2007","10.155","1052","","","1052"
"Bahrain"," 2006","10.142","972","","","972"
"Bahrain"," 2005","10.436","928","","","928"
"Bahrain"," 2004","9.677","803","","","803"
"Bahrain"," 2003","10.479","816","","","816"
"Bahrain"," 2002","10.774","792","","","792"
"Bahrain"," 2001","10.636","742","","","742"
"Bahrain"," 2000","10.202","678","","","678"
"Bangladesh"," 2017","5.268","86754","","","86754"
"Bangladesh"," 2016","4.822","78572","","","78572"
"Bangladesh"," 2015","4.709","75915","","","75915"
"Bangladesh"," 2014","4.737","75514","","","75514"
"Bangladesh"," 2013","4.089","64434","","","64434"
"Bangladesh"," 2012","3.879","60413","","","60413"
"Bangladesh"," 2011","3.724","57313","","","57313"
"Bangladesh"," 2010","3.526","53643","","","53643"
"Bangladesh"," 2009","3.438","51721","","","51721"
"Bangladesh"," 2008","3.317","49357","","","49357"
"Bangladesh"," 2007","3.193","46978","","","46978"
"Bangladesh"," 2006","3.070","44632","","","44632"
"Bangladesh"," 2005","2.990","42881","","","42881"
"Bangladesh"," 2004","2.723","38485","","","38485"
"Bangladesh"," 2003","2.631","36576","","","36576"
"Bangladesh"," 2001","2.423","32498","","","32498"
"Barbados"," 2017","24.886","711","","","711"
"Barbados"," 2005","17.847","489","","","489"
"Barbados"," 2001","15.515","420","","","420"
"Barbados"," 2000","13.529","365","","","365"
"Barbados"," 1995","13.509","358","","","358"
"Belarus"," 2014","40.772","38671","","","38671"
"Belarus"," 2013","39.331","37281","","","37281"
"Belarus"," 2012","38.809","36759","","","36759"
"Belarus"," 2011","37.953","35936","","","35936"
"Belarus"," 2010","35.179","33325","","","33325"
"Belgium"," 2016","33.234","37748","","","37748"
"Belgium"," 2015","30.138","34020","","","34020"
"Belgium"," 2014","29.729","33353","","","33353"
"Belgium"," 2013","29.592","32999","","","32999"
"Belgium"," 2012","29.397","32583","","","32583"
"Belgium"," 2011","29.222","32182","","","32182"
"Belgium"," 2010","29.085","31815","","","31815"
"Belgium"," 2006","20.957","22256","","","22256"
"Belgium"," 2005","20.479","21599","","","21599"
"Belize"," 2017","11.262","422","","","422"
"Belize"," 2012","11.494","387","","","387"
"Belize"," 2009","7.678","241","","","241"
"Belize"," 2000","10.150","251","","","251"
"Benin"," 2016","1.572","1709","","","1709"
"Benin"," 2013","1.506","1507","","","1507"
"Benin"," 2012","1.646","1601","","","1601"
"Benin"," 2008","0.623","542","","","542"
"Benin"," 2004","0.401","311","","","311"
"Bhutan"," 2017","3.715","300","233","67",""
"Bhutan"," 2016","3.748","299","","","299"
"Bhutan"," 2015","3.188","251","","","251"
"Bhutan"," 2014","3.142","244","","","244"
"Bhutan"," 2013","2.654","203","","","203"
"Bhutan"," 2012","2.576","194","","","194"
"Bhutan"," 2008","2.439","171","","","171"
"Bhutan"," 2007","2.096","144","","","144"
"Bhutan"," 2004","1.843","118","","","118"
"Bolivia (Plurinational State of)"," 2016","16.111","17542","","","17542"
"Bolivia (Plurinational State of)"," 2011","4.734","4771","","","4771"
"Bolivia (Plurinational State of)"," 2010","4.442","4406","","","4406"
"Bolivia (Plurinational State of)"," 2007","3.358","3170","","","3170"
"Bolivia (Plurinational State of)"," 2001","12.157","10329","","","10329"
"Bosnia and Herzegovina"," 2013","20.003","7211","","","7211"
"Bosnia and Herzegovina"," 2012","19.259","7026","","","7026"
"Bosnia and Herzegovina"," 2011","18.653","6881","","","6881"
"Bosnia and Herzegovina"," 2010","17.907","6665","","","6665"
"Botswana"," 2016","3.688","830","","","830"
"Botswana"," 2012","3.920","819","","","819"
"Botswana"," 2011","3.993","819","","","819"
"Botswana"," 2010","4.065","819","","","819"
"Botswana"," 2009","3.500","693","","","693"
"Botswana"," 2008","3.679","716","","","716"
"Botswana"," 2007","3.704","709","","","709"
"Botswana"," 2006","3.137","591","","","591"
"Botswana"," 2005","2.511","466","","","466"
"Botswana"," 2004","3.909","715","","","715"
"Botswana"," 2003","2.915","526","","","526"
"Botswana"," 2002","3.011","536","","","536"
"Botswana"," 2001","2.906","510","","","510"
"Botswana"," 2000","2.887","499","","","499"
"Botswana"," 1999","2.983","507","","","507"
"Botswana"," 1998","2.540","424","","","424"
"Brazil"," 2018","21.499","453351","","","453351"
"Brazil"," 2017","21.502","450009","153832","296177",""
"Brazil"," 2013","18.693","378354","","","378354"
"Brazil"," 2011","18.382","365231","","","365231"
"Brazil"," 2010","18.039","355006","","","355006"
"Brazil"," 2009","18.077","352318","","","352318"
"Brazil"," 2008","17.714","341849","","","341849"
"Brazil"," 2007","17.225","329041","","","329041"
"Brazil"," 2006","16.931","320013","","","320013"
"Brazil"," 2005","16.592","310138","","","310138"
"Brazil"," 2004","15.807","292014","","","292014"
"Brazil"," 2003","14.696","268169","","","268169"
"Brazil"," 2002","14.133","254604","","","254604"
"Brazil"," 2001","13.852","246219","","","246219"
"Brazil"," 2000","11.304","198153","","","198153"
"Brazil"," 1999","13.699","236668","","","236668"
"Brazil"," 1998","12.730","216632","","","216632"
"Brazil"," 1997","12.885","215875","","","215875"
"Brazil"," 1996","12.532","206675","","","206675"
"Brazil"," 1995","12.229","198479","","","198479"
"Brazil"," 1994","11.932","190554","","","190554"
"Brazil"," 1993","11.651","183068","","","183068"
"Brazil"," 1992","11.377","175848","","","175848"
"Brazil"," 1990","10.839","161880","","","161880"
"Brunei Darussalam"," 2015","17.701","739","","","739"
"Brunei Darussalam"," 2014","15.035","619","262","357",""
"Brunei Darussalam"," 2013","16.170","656","","","656"
"Brunei Darussalam"," 2012","14.911","596","","","596"
"Brunei Darussalam"," 2011","15.431","608","","","608"
"Brunei Darussalam"," 2010","14.484","563","","","563"
"Brunei Darussalam"," 2009","11.595","445","","","445"
"Brunei Darussalam"," 2008","14.869","564","","","564"
"Brunei Darussalam"," 2007","10.483","393","","","393"
"Brunei Darussalam"," 2006","10.775","399","","","399"
"Brunei Darussalam"," 2005","10.679","390","","","390"
"Brunei Darussalam"," 2004","12.879","463","","","463"
"Brunei Darussalam"," 2002","11.531","400","","","400"
"Brunei Darussalam"," 2000","10.084","336","","","336"
"Bulgaria"," 2014","39.879","28801","","","28801"
"Bulgaria"," 2013","39.761","28891","","","28891"
"Bulgaria"," 2012","39.121","28599","","","28599"
"Bulgaria"," 2011","38.585","28384","","","28384"
"Bulgaria"," 2010","37.764","27963","","","27963"
"Burkina Faso"," 2016","0.600","1119","","","1119"
"Burkina Faso"," 2012","0.475","787","","","787"
"Burkina Faso"," 2011","0.386","620","","","620"
"Burkina Faso"," 2010","0.457","713","","","713"
"Burkina Faso"," 2009","0.446","676","","","676"
"Burkina Faso"," 2008","0.322","473","","","473"
"Burkina Faso"," 2004","0.543","708","","","708"
"Burundi"," 2016","0.500","526","","","526"
"Burundi"," 2010","0.477","418","343","75",""
"Burundi"," 2004","0.278","200","","","200"
"Cabo Verde"," 2015","7.694","410","","","410"
"Cabo Verde"," 2013","5.922","308","","","308"
"Cabo Verde"," 2012","5.058","260","","","260"
"Cabo Verde"," 2011","5.747","292","","","292"
"Cabo Verde"," 2010","5.812","292","","","292"
"Cabo Verde"," 2009","5.050","251","","","251"
"Cambodia"," 2014","1.682","2568","","376","2192"
"Cambodia"," 2013","4.759","7149","","","7149"
"Cambodia"," 2012","1.651","2440","","","2440"
"Cambodia"," 2011","2.264","3291","","","3291"
"Cambodia"," 2010","2.302","3294","","","3294"
"Cambodia"," 2009","2.378","3351","","","3351"
"Cambodia"," 2008","2.444","3393","","","3393"
"Cambodia"," 2000","1.684","2047","","","2047"
"Cambodia"," 1998","1.475","1711","","","1711"
"Cambodia"," 1996","1.136","1247","","","1247"
"Cameroon"," 2011","0.898","1842","1420","422",""
"Cameroon"," 2010","0.857","1712","","","1712"
"Cameroon"," 2009","0.693","1346","","","1346"
"Cameroon"," 2007","0.717","1319","","","1319"
"Cameroon"," 2005","0.602","1049","","","1049"
"Cameroon"," 2004","1.842","3124","","","3124"
"Canada"," 2017","26.102","95596","","","95596"
"Canada"," 2016","25.668","93150","","","93150"
"Canada"," 2015","25.388","91268","","","91268"
"Canada"," 2014","24.961","88873","","","88873"
"Canada"," 2013","24.509","86406","","","86406"
"Canada"," 2012","23.962","83629","","","83629"
"Canada"," 2010","20.384","69648","","","69648"
"Canada"," 2008","19.590","65440","","","65440"
"Canada"," 2006","19.086","62307","","","62307"
"Canada"," 2004","18.971","60612","","","60612"
"Canada"," 2002","18.969","59412","","","59412"
"Canada"," 2001","18.871","58546","","","58546"
"Canada"," 1998","18.611","56163","","","56163"
"Central African Republic"," 2015","0.629","286","","38","248"
"Central African Republic"," 2009","0.465","205","","","205"
"Central African Republic"," 2008","0.398","173","","","173"
"Central African Republic"," 2004","0.816","331","","","331"
"Chad"," 2016","0.475","686","","",""
"Chad"," 2013","0.436","573","","","573"
"Chad"," 2012","0.416","528","","","528"
"Chad"," 2006","0.353","368","","","368"
"Chad"," 2004","0.355","345","","","345"
"Chad"," 2000","0.282","235","","","235"
"Chad"," 1999","0.288","232","","","232"
"Chad"," 1998","0.201","156","","","156"
"Chad"," 1997","0.260","195","","","195"
"Chile"," 2016","10.800","19342","","","19342"
"Chile"," 2009","10.328","17382","","","17382"
"Chile"," 2008","10.418","17358","","","17358"
"Chile"," 2007","10.389","17134","","","17134"
"Chile"," 2006","10.427","17016","","","17016"
"Chile"," 2005","9.825","15865","","","15865"
"Chile"," 2004","9.867","15762","","","15762"
"Chile"," 2003","9.496","15003","","","15003"
"Chile"," 2002","8.956","13992","","","13992"
"Chile"," 1992","9.985","13650","","","13650"
"China"," 2015","17.855","2508408","","","2508408"
"China"," 2014","16.989","2374917","","","2374917"
"China"," 2013","16.438","2285794","","","2285794"
"China"," 2012","15.467","2138836","","","2138836"
"China"," 2011","14.733","2025873","","","2025873"
"China"," 2010","14.627","2000000","","","2000000"
"China"," 2009","14.015","1905436","","","1905436"
"China"," 2002","11.208","1463573","","","1463573"
"China"," 2000","12.426","1603266","","","1603266"
"China"," 1999","12.177","1561584","","","1561584"
"China"," 1998","11.881","1513975","","","1513975"
"China"," 1997","11.892","1505342","","","1505342"
"China"," 1996","11.740","1475232","","","1475232"
"China"," 1995","11.672","1454926","","","1454926"
"China"," 1990","11.056","1302997","","","1302997"
"China"," 1985","","724238","","","724238"
"China"," 1980","","709473","","","709473"
"China"," 1978","","609608","","","609608"
"Colombia"," 2017","20.835","102230","","","102230"
"Colombia"," 2016","20.036","97483","","","97483"
"Colombia"," 2015","19.379","93460","","","93460"
"Colombia"," 2014","18.214","87050","","","87050"
"Colombia"," 2013","18.064","85522","","","85522"
"Colombia"," 2012","17.400","81573","","","81573"
"Colombia"," 2011","16.694","77473","","","77473"
"Colombia"," 2010","15.676","71980","","","71980"
"Colombia"," 2009","15.438","70115","","","70115"
"Colombia"," 2008","15.206","68278","","","68278"
"Colombia"," 2007","14.974","66447","","","66447"
"Colombia"," 2006","14.742","64624","","","64624"
"Colombia"," 2005","14.510","62807","","","62807"
"Colombia"," 2002","14.135","58761","","","58761"
"Colombia"," 1999","13.003","51776","","","51776"
"Colombia"," 1998","12.677","49737","","","49737"
"Colombia"," 1997","12.330","47651","","","47651"
"Colombia"," 1996","11.992","45627","","","45627"
"Colombia"," 1994","11.403","41991","","","41991"
"Colombia"," 1993","11.119","40245","","","40245"
"Colombia"," 1992","10.704","38062","","","38062"
"Colombia"," 1991","10.260","35826","","","35826"
"Colombia"," 1990","9.799","33582","","","33582"
"Colombia"," 1989","","31646","","","31646"
"Colombia"," 1988","","29492","","","29492"
"Colombia"," 1987","","27688","","","27688"
"Colombia"," 1986","","25641","","","25641"
"Colombia"," 1985","","23481","","","23481"
"Colombia"," 1984","","21709","","","21709"
"Comoros"," 2012","1.699","123","","","123"
"Comoros"," 2009","1.901","128","80","48",""
"Comoros"," 2005","1.897","116","","","116"
"Comoros"," 2004","1.926","115","","","115"
"Congo"," 2011","1.159","523","","200","323"
"Congo"," 2007","1.008","401","","","401"
"Congo"," 2006","2.035","782","","","782"
"Congo"," 2004","2.097","756","","","756"
"Congo"," 1998","7.069","2155","","","2155"
"Cook Islands"," 2014","14.205","25","","","25"
"Cook Islands"," 2009","12.698","24","","","24"
"Cook Islands"," 2004","10.256","20","","","20"
"Cook Islands"," 2001","7.650","14","","","14"
"Costa Rica"," 2013","11.497","5411","","","5411"
"Costa Rica"," 2000","13.257","5204","","","5204"
"Côte d'Ivoire"," 2014","2.326","5240","","5240",""
"Côte d'Ivoire"," 2011","1.541","3220","","","3220"
"Côte d'Ivoire"," 2008","1.408","2746","","","2746"
"Côte d'Ivoire"," 2005","0.926","1698","","","1698"
"Côte d'Ivoire"," 2004","1.156","2081","","","2081"
"Croatia"," 2016","29.962","12624","","","12624"
"Croatia"," 2014","31.244","13302","","","13302"
"Croatia"," 2013","30.170","12906","","","12906"
"Croatia"," 2012","29.727","12772","","","12772"
"Croatia"," 2011","28.956","12490","","","12490"
"Croatia"," 2010","28.428","12304","","","12304"
"Croatia"," 1999","18.055","8046","","","8046"
"Croatia"," 1998","19.146","8600","","","8600"
"Croatia"," 1997","20.552","9315","","","9315"
"Croatia"," 1996","20.597","9423","","","9423"
"Croatia"," 1995","19.689","9090","","","9090"
"Croatia"," 1994","19.619","9138","","","9138"
"Croatia"," 1993","19.755","9280","","","9280"
"Croatia"," 1992","19.958","9446","","","9446"
"Croatia"," 1991","19.544","9303","","","9303"
"Croatia"," 1990","21.255","10152","","","10152"
"Croatia"," 1989","","10173","","","10173"
"Croatia"," 1988","","9955","","","9955"
"Croatia"," 1987","","9792","","","9792"
"Croatia"," 1986","","9522","","","9522"
"Cuba"," 2017","81.900","94059","","","94059"
"Cuba"," 2014","74.794","85563","","","85563"
"Cuba"," 2013","73.341","83698","","","83698"
"Cuba"," 2012","72.099","82065","","","82065"
"Cuba"," 2011","69.242","78622","","","78622"
"Cuba"," 2010","67.507","76506","","","76506"
"Cuba"," 2009","66.157","74880","","","74880"
"Cuba"," 2008","65.918","74552","","","74552"
"Cuba"," 2007","64.064","72416","","","72416"
"Cuba"," 2006","63.286","71489","","","71489"
"Cuba"," 2005","62.559","70594","","","70594"
"Cuba"," 2004","61.874","69713","","","69713"
"Cuba"," 2003","60.487","68017","","","68017"
"Cuba"," 2002","59.796","67079","","","67079"
"Cuba"," 2001","59.290","66325","","","66325"
"Cuba"," 2000","59.186","65997","","","65997"
"Cuba"," 1999","58.383","64863","","","64863"
"Cuba"," 1998","57.377","63483","","","63483"
"Cuba"," 1997","56.859","62624","","","62624"
"Cuba"," 1996","54.857","60129","","","60129"
"Cuba"," 1995","52.114","56836","","","56836"
"Cuba"," 1994","49.827","54065","","","54065"
"Cuba"," 1993","47.290","51045","","","51045"
"Cuba"," 1992","43.658","46860","","","46860"
"Cuba"," 1991","39.981","42634","","","42634"
"Cuba"," 1990","36.562","38690","","","38690"
"Cuba"," 1985","","22910","","","22910"
"Cuba"," 1980","","15247","","","15247"
"Cuba"," 1975","","9328","","","9328"
"Cyprus"," 2016","19.511","2283","","","2283"
"Cyprus"," 2014","24.993","2880","","","2880"
"Cyprus"," 2013","24.076","2754","","","2754"
"Cyprus"," 2012","22.958","2606","","","2606"
"Cyprus"," 2011","22.484","2529","","","2529"
"Cyprus"," 2010","21.562","2399","","","2399"
"Cyprus"," 2009","21.064","2313","","","2313"
"Cyprus"," 2008","20.507","2218","","","2218"
"Cyprus"," 2007","20.147","2143","","","2143"
"Cyprus"," 1995","18.787","1607","","","1607"
"Cyprus"," 1990","15.640","1199","","","1199"
"Cyprus"," 1985","","846","","","846"
"Cyprus"," 1980","","560","","","560"
"Cyprus"," 1976","","478","","","478"
"Cyprus"," 1970","","512","","","512"
"Cyprus"," 1965","","448","","","448"
"Cyprus"," 1960","","391","","","391"
"Czechia"," 2016","43.140","45776","","","45776"
"Czechia"," 2013","36.600","38776","","","38776"
"Czechia"," 2012","36.483","38624","","","38624"
"Czechia"," 2011","36.117","38171","","","38171"
"Czechia"," 2010","35.744","37661","","","37661"
"Democratic People's Republic of Korea"," 2017","36.745","93667","","","93667"
"Democratic People's Republic of Korea"," 2016","36.922","93667","","","93667"
"Democratic People's Republic of Korea"," 2014","34.973","87839","","","87839"
"Democratic People's Republic of Korea"," 2012","34.389","85470","85470","",""
"Democratic People's Republic of Korea"," 2008","32.846","79931","","","79931"
"Democratic People's Republic of Korea"," 2003","31.691","74597","","","74597"
"Democratic Republic of the Congo"," 2013","0.900","6418","","","6418"
"Democratic Republic of the Congo"," 2009","0.934","5832","","","5832"
"Denmark"," 2016","44.567","25456","","","25456"
"Denmark"," 2015","36.743","20902","","","20902"
"Denmark"," 2014","36.440","20639","","","20639"
"Denmark"," 2013","36.395","20519","","","20519"
"Denmark"," 2012","36.461","20457","","","20457"
"Denmark"," 2011","36.184","20201","","","20201"
"Denmark"," 2010","35.791","19881","","","19881"
"Denmark"," 2009","34.013","18797","","","18797"
"Denmark"," 2008","33.935","18657","","","18657"
"Denmark"," 2005","32.001","17350","","","17350"
"Denmark"," 2004","30.427","16439","","","16439"
"Denmark"," 2003","29.983","16152","","","16152"
"Denmark"," 2001","36.580","19600","","","19600"
"Denmark"," 1997","29.159","15389","","","15389"
"Denmark"," 1995","29.033","15192","","","15192"
"Denmark"," 1994","28.979","15102","","","15102"
"Djibouti"," 2014","2.203","201","","","201"
"Djibouti"," 2006","2.324","185","","","185"
"Djibouti"," 2005","1.788","140","","","140"
"Djibouti"," 2004","1.674","129","","","129"
"Djibouti"," 1999","1.328","93","","","93"
"Dominica"," 2017","10.825","80","","","80"
"Dominica"," 2001","17.791","124","","","124"
"Dominica"," 1997","5.367","38","","","38"
"Dominican Republic"," 2017","15.600","16796","","","16796"
"Dominican Republic"," 2011","14.943","14983","","","14983"
"Dominican Republic"," 2008","10.777","10385","","","10385"
"Dominican Republic"," 2000","18.301","15670","","","15670"
"Ecuador"," 2016","20.500","33589","","","33589"
"Ecuador"," 2015","20.734","33474","20458","13016",""
"Ecuador"," 2011","16.654","25277","","","25277"
"Ecuador"," 2010","21.219","31690","","","31690"
"Ecuador"," 2009","16.073","23614","","","23614"
"Ecuador"," 2003","15.064","20020","","","20020"
"Ecuador"," 2002","15.753","20592","","","20592"
"Ecuador"," 2001","15.513","19939","","","19939"
"Ecuador"," 2000","14.519","18335","","","18335"
"Ecuador"," 1999","13.772","17075","","","17075"
"Ecuador"," 1998","13.167","16016","","","16016"
"Ecuador"," 1997","13.305","15866","","","15866"
"Ecuador"," 1996","13.171","15388","","","15388"
"Ecuador"," 1995","12.474","14271","","","14271"
"Ecuador"," 1994","12.746","14271","","","14271"
"Ecuador"," 1993","11.094","12149","","","12149"
"Ecuador"," 1992","12.006","12853","","","12853"
"Ecuador"," 1991","11.667","12205","","","12205"
"Ecuador"," 1990","9.576","9785","","","9785"
"Ecuador"," 1989","","10403","","","10403"
"Ecuador"," 1988","","10719","","","10719"
"Ecuador"," 1987","","9901","","","9901"
"Ecuador"," 1986","","8742","","","8742"
"Ecuador"," 1985","","9414","","","9414"
"Ecuador"," 1984","","8742","","","8742"
"Ecuador"," 1983","","7750","","","7750"
"Ecuador"," 1982","","7228","","","7228"
"Ecuador"," 1981","","6545","","","6545"
"Egypt"," 2017","7.902","77083","","","77083"
"Egypt"," 2016","8.107","77579","","","77579"
"Egypt"," 2015","8.100","75960","","","75960"
"Egypt"," 2014","7.940","72901","","","72901"
"Egypt"," 2003","5.202","38485","","","38485"
"El Salvador"," 2016","15.690","9955","6071","3884",""
"El Salvador"," 2008","18.889","11542","","","11542"
"El Salvador"," 2005","17.175","10355","","","10355"
"El Salvador"," 2002","13.363","7938","","","7938"
"El Salvador"," 1999","12.477","7268","","","7268"
"Equatorial Guinea"," 2017","4.000","507","","","507"
"Equatorial Guinea"," 2004","2.111","153","","","153"
"Eritrea"," 2004","0.557","215","","","215"
"Estonia"," 2016","34.651","4548","","","4548"
"Estonia"," 2015","34.152","4492","","","4492"
"Estonia"," 2014","33.101","4364","","","4364"
"Estonia"," 2013","33.255","4395","","","4395"
"Estonia"," 2012","32.780","4343","","","4343"
"Estonia"," 2011","32.912","4372","","","4372"
"Estonia"," 2010","32.422","4319","","","4319"
"Estonia"," 2000","43.728","6118","","","6118"
"Eswatini"," 2016","0.796","107","","",""
"Eswatini"," 2011","0.890","109","","","109"
"Eswatini"," 2009","1.465","173","","","173"
"Eswatini"," 2004","1.562","171","","","171"
"Eswatini"," 2003","1.471","160","","","160"
"Eswatini"," 2001","1.668","179","","","179"
"Ethiopia"," 2017","1.000","10496","","","10496"
"Ethiopia"," 2009","0.252","2152","","","2152"
"Ethiopia"," 2008","0.251","2085","","","2085"
"Ethiopia"," 2007","0.223","1806","","","1806"
"Ethiopia"," 2006","0.268","2115","","","2115"
"Ethiopia"," 2005","0.320","2453","","","2453"
"Ethiopia"," 2004","0.267","1996","","","1996"
"Ethiopia"," 2003","0.267","1936","","","1936"
"Fiji"," 2015","8.374","747","","","747"
"Fiji"," 2013","8.025","706","","","706"
"Fiji"," 2009","4.366","372","","","372"
"Fiji"," 2008","3.996","337","","","337"
"Fiji"," 2003","4.653","380","","","380"
"Fiji"," 1999","3.360","271","","","271"
"Finland"," 2016","38.080","20956","","","20956"
"Finland"," 2014","32.073","17511","","","17511"
"Finland"," 2013","31.483","17116","","","17116"
"Finland"," 2012","30.693","16614","","","16614"
"Finland"," 2011","29.856","16090","","","16090"
"Finland"," 2010","29.874","16030","","","16030"
"Finland"," 2009","28.795","15384","","","15384"
"Finland"," 2002","31.546","16446","","","16446"
"France"," 2016","32.349","209367","","","209367"
"France"," 2015","32.237","207789","","","207789"
"France"," 2014","32.117","206159","","","206159"
"France"," 2013","31.835","203490","","","203490"
"France"," 2012","31.711","201811","","","201811"
"France"," 2011","31.561","199920","","","199920"
"France"," 2007","36.746","227683","","","227683"
"France"," 1996","32.222","188500","","","188500"
"France"," 1991","30.662","175500","","","175500"
"Gabon"," 2016","3.611","715","","","715"
"Gabon"," 2004","2.895","395","","","395"
"Gabon"," 1995","2.956","321","","","321"
"Gabon"," 1994","2.616","277","","","277"
"Gabon"," 1993","2.181","225","","","225"
"Gabon"," 1991","1.932","189","","","189"
"Gambia"," 2015","1.077","213","","","213"
"Gambia"," 2008","1.102","175","","","175"
"Gambia"," 2007","1.033","159","","","159"
"Gambia"," 2006","1.174","175","","","175"
"Gambia"," 2005","1.149","166","","","166"
"Gambia"," 2004","1.187","166","","","166"
"Gambia"," 2003","1.152","156","","","156"
"Georgia"," 2015","50.976","20143","5142","15001",""
"Georgia"," 2014","48.267","19270","","","19270"
"Georgia"," 2013","45.177","18278","","","18278"
"Georgia"," 2012","44.392","18235","","","18235"
"Georgia"," 2011","44.029","18366","","","18366"
"Georgia"," 2010","43.073","18227","","","18227"
"Georgia"," 2009","48.065","20609","","","20609"
"Georgia"," 2008","46.661","20253","","","20253"
"Germany"," 2016","42.087","344755","","","344755"
"Germany"," 2015","41.383","338129","","","338129"
"Germany"," 2014","40.827","332695","","","332695"
"Germany"," 2013","40.043","325407","","","325407"
"Germany"," 2012","39.152","317390","","","317390"
"Germany"," 2011","38.454","311223","","","311223"
"Germany"," 2010","37.536","303645","","","303645"
"Ghana"," 2017","1.800","5190","","","5190"
"Ghana"," 2016","1.283","3618","","",""
"Ghana"," 2013","1.686","4443","3289","",""
"Ghana"," 2010","0.949","2325","","","2325"
"Ghana"," 2009","0.850","2033","","","2033"
"Ghana"," 2008","1.110","2587","","","2587"
"Ghana"," 2007","0.733","1665","","","1665"
"Ghana"," 2004","1.544","3240","","","3240"
"Greece"," 2016","45.920","51356","","","51356"
"Greece"," 2014","61.082","68807","","","68807"
"Greece"," 2013","60.846","68886","","","68886"
"Greece"," 2012","60.831","69215","","","69215"
"Greece"," 2011","60.786","69435","","","69435"
"Greece"," 2010","60.515","69265","","","69265"
"Grenada"," 2017","14.471","156","","","156"
"Grenada"," 2006","6.680","69","","","69"
"Grenada"," 2003","5.664","58","","","58"
"Grenada"," 2002","5.681","58","","","58"
"Grenada"," 2001","5.697","58","","","58"
"Grenada"," 2000","5.709","58","","","58"
"Grenada"," 1999","5.819","59","","","59"
"Grenada"," 1997","4.055","41","","","41"
"Guatemala"," 2018","3.550","6122","","","6122"
"Guatemala"," 2009","9.039","12940","","","12940"
"Guatemala"," 1999","8.751","9965","","","9965"
"Guinea"," 2016","0.788","977","","","977"
"Guinea"," 2005","0.971","940","","","940"
"Guinea"," 2004","1.040","987","","","987"
"Guinea"," 2000","0.867","764","","","764"
"Guinea-Bissau"," 2015","2.000","354","","","354"
"Guinea-Bissau"," 2011","0.626","100","","","100"
"Guinea-Bissau"," 2009","0.817","124","","","124"
"Guinea-Bissau"," 2008","0.527","78","","","78"
"Guinea-Bissau"," 2004","1.392","188","","","188"
"Guyana"," 2018","7.990","625","","","625"
"Guyana"," 2010","6.898","515","","","515"
"Guyana"," 2009","2.159","161","","","161"
"Guyana"," 2000","4.859","366","","","366"
"Haiti"," 2018","2.345","2606","","","2606"
"Haiti"," 2011","1.372","1392","","","1392"
"Haiti"," 1998","2.360","1949","","","1949"
"Honduras"," 2017","3.144","2913","1548","1365",""
"Honduras"," 2016","6.086","5546","3176","2370",""
"Honduras"," 2013","9.999","8657","","","8657"
"Honduras"," 2005","3.635","2680","","","2680"
"Honduras"," 2000","5.634","3676","","","3676"
"Hungary"," 2016","32.312","31515","","","31515"
"Hungary"," 2015","31.159","30486","","","30486"
"Hungary"," 2014","33.415","32791","","","32791"
"Hungary"," 2013","32.259","31748","","","31748"
"Hungary"," 2012","31.046","30641","","","30641"
"Hungary"," 2011","29.803","29500","","","29500"
"Hungary"," 2010","28.894","28686","","","28686"
"Hungary"," 2009","35.341","35196","","","35196"
"Hungary"," 2008","36.120","36088","","","36088"
"Hungary"," 2007","32.125","32202","","","32202"
"Hungary"," 2006","35.076","35272","","","35272"
"Hungary"," 2005","32.284","32563","","","32563"
"Hungary"," 2004","38.435","38877","","","38877"
"Hungary"," 2003","37.706","38241","","","38241"
"Hungary"," 2002","36.679","37295","","","37295"
"Hungary"," 1999","35.499","36386","","","36386"
"Hungary"," 1998","35.158","36143","","","36143"
"Hungary"," 1997","34.414","35477","","","35477"
"Hungary"," 1996","33.897","35026","","","35026"
"Hungary"," 1995","33.463","34634","","","34634"
"Hungary"," 1994","33.425","34622","","","34622"
"Hungary"," 1993","32.910","34093","","","34093"
"Hungary"," 1992","33.348","34546","","","34546"
"Hungary"," 1991","32.671","33859","","","33859"
"Hungary"," 1990","31.687","32883","","","32883"
"Iceland"," 2017","39.701","1330","","","1330"
"Iceland"," 2016","38.857","1292","","","1292"
"Iceland"," 2015","37.826","1249","","","1249"
"Iceland"," 2014","36.317","1193","","","1193"
"Iceland"," 2013","35.719","1168","","","1168"
"Iceland"," 2012","35.084","1142","","","1142"
"Iceland"," 2011","34.570","1118","","","1118"
"Iceland"," 2010","35.654","1142","","","1142"
"Iceland"," 2009","36.919","1167","","","1167"
"Iceland"," 2008","37.247","1158","","","1158"
"Iceland"," 2007","36.927","1127","","","1127"
"Iceland"," 2006","36.470","1093","","","1093"
"Iceland"," 2005","36.271","1070","","","1070"
"Iceland"," 2004","36.276","1056","","","1056"
"Iceland"," 2003","36.354","1047","","","1047"
"Iceland"," 2002","36.067","1029","","","1029"
"Iceland"," 2001","34.995","990","","","990"
"Iceland"," 2000","34.522","968","","","968"
"India"," 2017","7.776","1041395","","","1041395"
"India"," 2016","7.592","1005281","","","1005281"
"India"," 2014","7.256","938861","","","938861"
"India"," 2013","7.182","918303","","","918303"
"India"," 2012","6.997","883812","","","883812"
"India"," 2011","7.394","922177","","","922177"
"India"," 2010","6.634","816629","","","816629"
"India"," 2009","6.237","757377","","","757377"
"India"," 2008","6.154","736743","","","736743"
"India"," 2007","6.002","708000","","","708000"
"India"," 2006","5.869","682000","","","682000"
"India"," 2005","5.776","660801","","","660801"
"India"," 2004","5.735","645825","","","645825"
"India"," 2003","5.644","625400","","","625400"
"India"," 2002","5.570","607000","","","607000"
"India"," 2001","5.386","577100","","","577100"
"India"," 2000","5.276","555600","","","555600"
"India"," 1991","12.252","1088048","","","1088048"
"Indonesia"," 2017","3.777","99703","45387","54316",""
"Indonesia"," 2015","2.740","70735","23130","47605",""
"Indonesia"," 2013","3.118","78587","","","78587"
"Indonesia"," 2012","3.075","76523","","","76523"
"Indonesia"," 2010","1.391","33736","","","33736"
"Indonesia"," 2009","1.443","34544","","","34544"
"Indonesia"," 2003","1.338","29499","","","29499"
"Indonesia"," 1993","0.580","11067","","","11067"
"Iran (Islamic Republic of)"," 2015","11.400","90470","","","90470"
"Iran (Islamic Republic of)"," 2014","14.862","116536","","","116536"
"Iran (Islamic Republic of)"," 2006","5.310","37822","","","37822"
"Iran (Islamic Republic of)"," 2005","8.786","61870","","","61870"
"Iran (Islamic Republic of)"," 2004","8.732","60791","","","60791"
"Iraq"," 2017","8.217","31451","","","31451"
"Iraq"," 2016","8.400","31250","","","31250"
"Iraq"," 2014","8.607","30131","","","30131"
"Iraq"," 2010","6.416","19738","","","19738"
"Ireland"," 2017","30.861","14695","","","14695"
"Ireland"," 2016","29.536","13959","","","13959"
"Ireland"," 2015","27.819","13075","","","13075"
"Ireland"," 2014","27.702","12982","","","12982"
"Ireland"," 2013","26.414","12367","","","12367"
"Ireland"," 2012","26.613","12450","","","12450"
"Ireland"," 2011","26.198","12215","","","12215"
"Ireland"," 2006","23.470","10100","","","10100"
"Israel"," 2016","32.176","26358","","","26358"
"Israel"," 2015","31.906","25731","","","25731"
"Israel"," 2014","30.844","24494","","","24494"
"Israel"," 2013","35.375","27667","","","27667"
"Israel"," 2012","33.423","25733","","","25733"
"Israel"," 2011","33.427","25300","","","25300"
"Israel"," 2010","34.114","25333","","","25333"
"Israel"," 1995","48.555","25898","","","25898"
"Italy"," 2017","40.931","242965","","","242965"
"Italy"," 2016","40.323","239642","","","239642"
"Italy"," 2015","39.174","233102","","","233102"
"Italy"," 2014","39.588","235889","","","235889"
"Italy"," 2013","39.371","234918","","","234918"
"Italy"," 2012","38.608","230621","","","230621"
"Jamaica"," 2017","13.199","3815","","","3815"
"Jamaica"," 2016","4.588","1322","950","372",""
"Jamaica"," 2015","4.175","1199","876","323",""
"Jamaica"," 2014","3.815","1092","783","309",""
"Jamaica"," 2013","4.688","1337","1044","293",""
"Jamaica"," 2012","3.541","1006","726","280",""
"Jamaica"," 2008","3.953","1103","","","1103"
"Jamaica"," 2003","8.306","2253","","","2253"
"Japan"," 2016","24.118","308105","","","308105"
"Japan"," 2014","23.414","300075","","","300075"
"Japan"," 2012","22.740","292039","","","292039"
"Japan"," 2010","22.470","288850","","","288850"
"Japan"," 2008","22.302","286699","","","286699"
"Japan"," 2006","21.640","277927","","","277927"
"Japan"," 2004","21.088","270371","","","270371"
"Japan"," 2002","20.538","262687","","","262687"
"Japan"," 2000","20.057","255792","","","255792"
"Japan"," 1998","19.556","248611","","","248611"
"Japan"," 1996","19.021","240908","","","240908"
"Japan"," 1994","18.286","230519","","","230519"
"Japan"," 1992","17.528","219704","","","219704"
"Japan"," 1990","17.010","211797","","","211797"
"Japan"," 1988","","201658","","","201658"
"Japan"," 1986","","191346","","","191346"
"Japan"," 1984","","181101","","","181101"
"Japan"," 1982","","167952","","","167952"
"Japan"," 1980","","156235","","","156235"
"Jordan"," 2017","23.436","22739","","","22739"
"Jordan"," 2016","14.099","13332","","","13332"
"Jordan"," 2015","28.407","26019","","","26019"
"Jordan"," 2014","22.312","19655","","","19655"
"Jordan"," 2013","22.223","18697","","","18697"
"Jordan"," 2010","22.572","16212","","","16212"
"Jordan"," 2009","21.513","14674","","","14674"
"Jordan"," 2008","22.460","14576","","","14576"
"Jordan"," 2007","24.671","15279","","","15279"
"Jordan"," 2006","23.132","13727","","","13727"
"Jordan"," 2005","22.591","12909","","","12909"
"Jordan"," 2004","20.590","11398","","","11398"
"Jordan"," 2003","22.930","12375","","","12375"
"Jordan"," 2002","22.156","11715","","","11715"
"Jordan"," 2001","20.462","10627","","","10627"
"Jordan"," 2000","18.763","9575","","","9575"
"Jordan"," 1999","19.314","9686","","","9686"
"Jordan"," 1998","9.921","4889","","","4889"
"Kazakhstan"," 2014","32.522","56873","","","56873"
"Kazakhstan"," 2013","34.795","59872","","","59872"
"Kazakhstan"," 2012","34.684","58690","","","58690"
"Kazakhstan"," 2011","35.279","58730","","","58730"
"Kazakhstan"," 2010","34.867","57179","","","57179"
"Kenya"," 2014","1.988","9149","","","9149"
"Kenya"," 2013","1.937","8682","","","8682"
"Kenya"," 2012","1.854","8092","","","8092"
"Kenya"," 2011","1.777","7549","","","7549"
"Kenya"," 2010","1.724","7129","","","7129"
"Kenya"," 2009","1.714","6897","","","6897"
"Kenya"," 2008","1.692","6623","","","6623"
"Kenya"," 2002","1.357","4506","","","4506"
"Kiribati"," 2013","2.028","22","","","22"
"Kiribati"," 2011","1.433","15","","","15"
"Kiribati"," 2010","3.996","41","","","41"
"Kiribati"," 2008","2.541","25","","","25"
"Kuwait"," 2015","25.789","10150","","","10150"
"Kuwait"," 2014","25.880","9789","","","9789"
"Kuwait"," 2013","24.825","8933","","","8933"
"Kuwait"," 2012","24.323","8259","","","8259"
"Kuwait"," 2011","24.383","7781","","","7781"
"Kuwait"," 2010","24.245","7269","","","7269"
"Kuwait"," 2009","18.944","5340","","","5340"
"Kuwait"," 2008","18.833","4995","","","4995"
"Kuwait"," 2007","18.818","4711","","","4711"
"Kuwait"," 2006","14.521","3452","","","3452"
"Kyrgyzstan"," 2014","18.760","10833","","","10833"
"Kyrgyzstan"," 2013","19.068","10838","","","10838"
"Kyrgyzstan"," 2012","19.124","10698","","","10698"
"Kyrgyzstan"," 2011","19.270","10611","","","10611"
"Kyrgyzstan"," 2010","18.953","10277","","","10277"
"Kyrgyzstan"," 2009","24.594","13135","","","13135"
"Kyrgyzstan"," 2008","24.822","13062","","","13062"
"Lao People's Democratic Republic"," 2014","4.997","3286","","","3286"
"Lao People's Democratic Republic"," 2013","4.525","2939","","","2939"
"Lao People's Democratic Republic"," 2012","1.808","1160","","","1160"
"Lao People's Democratic Republic"," 2010","8.306","5188","4880","",""
"Lao People's Democratic Republic"," 2009","1.968","1211","","","1211"
"Lao People's Democratic Republic"," 2005","2.805","1614","","","1614"
"Lao People's Democratic Republic"," 2004","3.531","2000","","","2000"
"Lao People's Democratic Republic"," 2000","2.847","1517","","","1517"
"Lao People's Democratic Republic"," 1995","3.413","1656","","","1656"
"Latvia"," 2016","31.946","6295","","","6295"
"Latvia"," 2015","31.736","6324","","","6324"
"Latvia"," 2014","31.804","6412","","","6412"
"Latvia"," 2013","31.473","6423","","","6423"
"Latvia"," 2012","30.952","6396","","","6396"
"Latvia"," 2011","30.853","6456","","","6456"
"Latvia"," 2010","30.758","6517","","","6517"
"Latvia"," 2009","37.123","7964","","","7964"
"Latvia"," 2008","38.846","8437","","","8437"
"Latvia"," 2007","36.452","8014","","","8014"
"Latvia"," 2006","37.484","8341","","","8341"
"Latvia"," 2005","36.443","8207","","","8207"
"Latvia"," 2004","35.486","8087","","","8087"
"Latvia"," 2003","34.188","7883","","","7883"
"Latvia"," 2002","33.959","7921","","","7921"
"Latvia"," 2001","32.832","7744","","","7744"
"Latvia"," 2000","34.118","8134","","","8134"
"Latvia"," 1999","33.391","8041","","","8041"
"Latvia"," 1998","32.767","7964","","","7964"
"Latvia"," 1997","34.219","8395","","","8395"
"Latvia"," 1996","34.803","8627","","","8627"
"Latvia"," 1995","33.482","8399","","","8399"
"Latvia"," 1994","34.133","8682","","","8682"
"Latvia"," 1993","36.199","9349","","","9349"
"Latvia"," 1992","40.840","10701","","","10701"
"Latvia"," 1991","46.063","12203","","","12203"
"Latvia"," 1990","46.934","12505","","","12505"
"Lebanon"," 2017","22.710","13813","","","13813"
"Lebanon"," 2016","22.485","13506","","","13506"
"Lebanon"," 2015","23.478","13738","","","13738"
"Lebanon"," 2014","23.168","12982","","","12982"
"Lebanon"," 2013","25.200","13296","","","13296"
"Lebanon"," 2011","29.705","13630","","","13630"
"Lebanon"," 2010","26.707","11583","","","11583"
"Lebanon"," 2007","27.373","11186","","","11186"
"Lebanon"," 2006","28.984","11760","","","11760"
"Lebanon"," 2001","34.242","11505","","","11505"
"Lesotho"," 2010","0.676","138","","","138"
"Lesotho"," 2003","0.464","89","","","89"
"Liberia"," 2015","0.373","168","","","168"
"Liberia"," 2010","0.228","90","","","90"
"Liberia"," 2008","0.139","51","","","51"
"Liberia"," 2004","0.324","103","","","103"
"Libya"," 2017","21.581","13757","9366","4391",""
"Libya"," 2015","19.500","12158","","","12158"
"Libya"," 2014","21.107","13095","","","13095"
"Libya"," 2009","19.619","12009","","","12009"
"Libya"," 2008","18.442","11163","","","11163"
"Libya"," 2004","12.393","7070","","","7070"
"Libya"," 1997","12.450","6371","","","6371"
"Lithuania"," 2016","43.370","12613","","","12613"
"Lithuania"," 2015","42.993","12605","","","12605"
"Lithuania"," 2014","42.646","12631","","","12631"
"Lithuania"," 2013","42.205","12650","","","12650"
"Lithuania"," 2012","41.497","12604","","","12604"
"Lithuania"," 2011","40.284","12407","","","12407"
"Lithuania"," 2010","39.138","12226","","","12226"
"Lithuania"," 1999","41.307","14578","","","14578"
"Lithuania"," 1998","41.130","14622","","","14622"
"Lithuania"," 1997","41.222","14757","","","14757"
"Lithuania"," 1996","40.966","14763","","","14763"
"Lithuania"," 1995","40.636","14737","","","14737"
"Luxembourg"," 2017","30.266","1766","","","1766"
"Luxembourg"," 2016","29.234","1683","","","1683"
"Luxembourg"," 2015","29.222","1656","","","1656"
"Luxembourg"," 2014","28.564","1589","","","1589"
"Luxembourg"," 2013","27.997","1525","","","1525"
"Luxembourg"," 2012","27.761","1478","","","1478"
"Luxembourg"," 2011","27.486","1429","","","1429"
"Luxembourg"," 2010","27.643","1404","","","1404"
"Madagascar"," 2014","1.812","4275","","","4275"
"Madagascar"," 2012","1.427","3188","","","3188"
"Madagascar"," 2011","1.440","3131","","","3131"
"Madagascar"," 2010","1.953","4130","","","4130"
"Madagascar"," 2009","1.813","3730","","","3730"
"Madagascar"," 2008","1.860","3719","","","3719"
"Madagascar"," 2007","1.813","3524","","","3524"
"Madagascar"," 2006","1.705","3219","","","3219"
"Madagascar"," 2005","1.801","3303","","","3303"
"Madagascar"," 2004","1.562","2780","","","2780"
"Madagascar"," 2003","1.476","2550","","","2550"
"Madagascar"," 2002","1.362","2283","","","2283"
"Malawi"," 2016","0.157","284","","","284"
"Malawi"," 2009","0.180","265","","","265"
"Malawi"," 2008","0.180","257","","","257"
"Malawi"," 2004","0.210","266","","","266"
"Malaysia"," 2015","15.132","46491","","","46491"
"Malaysia"," 2012","13.273","38718","","","38718"
"Malaysia"," 2011","12.784","36607","","","36607"
"Malaysia"," 2010","11.731","32979","","","32979"
"Malaysia"," 2008","9.259","25102","","","25102"
"Malaysia"," 2002","7.033","17020","","","17020"
"Malaysia"," 2000","6.964","16146","","","16146"
"Maldives"," 2016","10.379","444","287","157",""
"Maldives"," 2015","31.381","1313","941","372",""
"Maldives"," 2014","18.863","770","464","306",""
"Maldives"," 2010","14.403","525","","","525"
"Maldives"," 2009","14.838","526","","","526"
"Maldives"," 2007","16.424","552","","","552"
"Maldives"," 2004","9.729","302","","","302"
"Maldives"," 1996","6.672","173","","","173"
"Maldives"," 1993","2.845","69","","","69"
"Maldives"," 1991","1.915","44","","","44"
"Maldives"," 1989","","39","","","39"
"Mali"," 2016","1.393","2506","","","2506"
"Mali"," 2012","1.069","1711","","","1711"
"Mali"," 2011","1.035","1609","","","1609"
"Mali"," 2010","1.019","1536","","","1536"
"Mali"," 2009","0.922","1346","","","1346"
"Mali"," 2007","0.775","1060","","","1060"
"Mali"," 2004","0.850","1053","","","1053"
"Malta"," 2015","38.260","1636","","","1636"
"Malta"," 2014","36.795","1566","","","1566"
"Malta"," 2013","34.641","1466","","","1466"
"Malta"," 2012","32.818","1381","","","1381"
"Malta"," 2011","31.525","1319","","","1319"
"Malta"," 2010","30.738","1279","","","1279"
"Marshall Islands"," 2012","4.554","24","","","24"
"Marshall Islands"," 2011","6.286","33","","","33"
"Marshall Islands"," 2010","6.107","32","","","32"
"Marshall Islands"," 2007","5.950","31","","","31"
"Mauritania"," 2017","1.790","791","","","791"
"Mauritania"," 2015","1.655","692","","","692"
"Mauritania"," 2014","1.531","622","","","622"
"Mauritania"," 2010","1.515","547","338","209",""
"Mauritania"," 2009","1.269","445","","","445"
"Mauritania"," 2004","1.029","313","","","313"
"Mauritius"," 2015","20.246","2550","","","2550"
"Mauritius"," 2014","19.321","2429","","","2429"
"Mauritius"," 2013","16.299","2046","","","2046"
"Mauritius"," 2012","13.739","1722","","","1722"
"Mauritius"," 2011","14.468","1810","","400","1410"
"Mauritius"," 2010","12.019","1500","","","1500"
"Mauritius"," 2009","11.857","1475","","","1475"
"Mauritius"," 2008","11.700","1450","","","1450"
"Mauritius"," 2007","11.549","1425","","","1425"
"Mauritius"," 2004","10.718","1303","","","1303"
"Mexico"," 2016","22.478","286685","","","286685"
"Mexico"," 2015","22.513","283414","","","283414"
"Mexico"," 2014","21.383","265621","","","265621"
"Mexico"," 2013","20.915","256281","","","256281"
"Mexico"," 2012","20.497","247662","","","247662"
"Mexico"," 2011","20.405","243008","","","243008"
"Mexico"," 2010","21.747","255133","200860","54273",""
"Mexico"," 2000","19.259","195897","","","195897"
"Micronesia (Federated States of)"," 2009","1.923","20","","","20"
"Micronesia (Federated States of)"," 2008","6.124","64","","","64"
"Micronesia (Federated States of)"," 2005","5.838","62","","","62"
"Micronesia (Federated States of)"," 2003","5.618","60","","","60"
"Micronesia (Federated States of)"," 2000","5.959","64","","","64"
"Monaco"," 2014","65.617","250","","","250"
"Monaco"," 2013","65.789","250","","","250"
"Monaco"," 2012","67.196","254","","","254"
"Monaco"," 2011","66.667","250","","","250"
"Mongolia"," 2016","28.866","8739","6466","2273",""
"Mongolia"," 2015","32.426","9653","","","9653"
"Mongolia"," 2014","31.807","9300","","","9300"
"Mongolia"," 2013","31.059","8911","","","8911"
"Mongolia"," 2012","30.549","8597","","","8597"
"Mongolia"," 2011","28.763","7943","","","7943"
"Mongolia"," 2010","27.637","7497","","","7497"
"Mongolia"," 2009","26.759","7140","","","7140"
"Mongolia"," 2008","28.857","7584","","","7584"
"Mongolia"," 2002","27.548","6732","","","6732"
"Montenegro"," 2015","23.337","1466","","","1466"
"Montenegro"," 2014","21.794","1368","","","1368"
"Montenegro"," 2013","21.336","1338","","","1338"
"Montenegro"," 2012","20.227","1267","","","1267"
"Montenegro"," 2011","20.000","1251","","","1251"
"Montenegro"," 2010","20.311","1268","","","1268"
"Morocco"," 2017","7.273","25992","9083","16909",""
"Morocco"," 2014","6.104","20947","","","20947"
"Morocco"," 2013","6.300","21309","","","21309"
"Morocco"," 2009","6.465","20682","","","20682"
"Morocco"," 2007","5.851","18269","","","18269"
"Morocco"," 2004","5.299","15991","","","15991"
"Mozambique"," 2017","0.735","2180","1555","625",""
"Mozambique"," 2013","0.549","1452","","","1452"
"Mozambique"," 2012","0.529","1358","","","1358"
"Mozambique"," 2011","0.508","1268","","","1268"
"Mozambique"," 2010","0.473","1145","","","1145"
"Mozambique"," 2009","0.443","1042","","","1042"
"Mozambique"," 2006","0.254","548","","","548"
"Mozambique"," 2004","0.253","514","","","514"
"Myanmar"," 2017","8.640","46110","","","46110"
"Myanmar"," 2016","6.214","32861","","","32861"
"Myanmar"," 2012","5.851","29832","","","29832"
"Myanmar"," 2011","5.554","28077","","","28077"
"Myanmar"," 2010","5.271","26435","","","26435"
"Myanmar"," 2009","4.927","24536","","","24536"
"Myanmar"," 2008","4.792","23709","","","23709"
"Myanmar"," 2007","4.433","21799","","","21799"
"Myanmar"," 2006","4.197","20501","","","20501"
"Myanmar"," 2005","3.833","18584","","","18584"
"Myanmar"," 2004","3.701","17791","","","17791"
"Myanmar"," 1988","","12268","","","12268"
"Namibia"," 2007","3.721","774","","","774"
"Namibia"," 2004","2.976","598","","","598"
"Nauru"," 2015","12.389","14","","","14"
"Nauru"," 2011","13.725","14","","","14"
"Nauru"," 2010","11.000","11","","","11"
"Nauru"," 2009","10.101","10","","","10"
"Nauru"," 2008","10.101","10","","","10"
"Nauru"," 2004","9.901","10","","","10"
"Nauru"," 1995","16.000","16","","","16"
"Nepal"," 2017","6.507","19069","","","19069"
"Nepal"," 2014","5.951","16854","","","16854"
"Nepal"," 2013","5.425","15181","","","15181"
"Nepal"," 2012","5.036","13925","","","13925"
"Nepal"," 2004","2.127","5384","","","5384"
"Netherlands"," 2016","35.067","59569","","","59569"
"Netherlands"," 2015","34.875","59073","","","59073"
"Netherlands"," 2014","34.200","57762","","","57762"
"Netherlands"," 2013","33.065","55681","","","55681"
"Netherlands"," 2012","32.468","54511","","","54511"
"Netherlands"," 2011","31.245","52295","","","52295"
"Netherlands"," 2010","29.516","49242","","","49242"
"New Zealand"," 2016","30.252","14100","","","14100"
"New Zealand"," 2015","30.003","13845","","","13845"
"New Zealand"," 2014","28.073","12820","","","12820"
"New Zealand"," 2013","27.856","12584","","","12584"
"New Zealand"," 2012","26.788","11968","","","11968"
"New Zealand"," 2011","26.331","11634","","","11634"
"New Zealand"," 2010","26.114","11412","","","11412"
"New Zealand"," 2007","23.049","9757","","","9757"
"New Zealand"," 2002","20.665","8190","","","8190"
"New Zealand"," 2001","23.099","9027","","","9027"
"Nicaragua"," 2018","10.056","6320","2119","2243","1958"
"Nicaragua"," 2014","9.137","5495","","","5495"
"Nicaragua"," 2013","9.158","5445","","","5445"
"Nicaragua"," 2012","8.759","5148","","","5148"
"Nicaragua"," 2011","8.270","4803","","","4803"
"Nicaragua"," 2010","7.388","4239","","","4239"
"Nicaragua"," 2009","7.129","4040","","","4040"
"Nicaragua"," 2008","6.571","3676","","","3676"
"Nicaragua"," 2007","5.329","2943","","","2943"
"Nicaragua"," 2006","4.981","2715","","","2715"
"Nicaragua"," 2005","5.051","2717","","","2717"
"Nicaragua"," 2003","3.902","2045","","","2045"
"Niger"," 2014","0.500","958","","","958"
"Niger"," 2013","0.513","946","","","946"
"Niger"," 2009","0.278","439","","","439"
"Niger"," 2008","0.189","288","","","288"
"Niger"," 2004","0.225","296","","","296"
"Nigeria"," 2013","3.827","65759","","","65759"
"Nigeria"," 2010","1.836","29120","","","29120"
"Nigeria"," 2009","3.780","58363","","","58363"
"Nigeria"," 2008","3.760","56526","","","56526"
"Nigeria"," 2007","3.782","55376","","","55376"
"Nigeria"," 2006","3.479","49612","","","49612"
"Nigeria"," 2005","2.822","39210","","","39210"
"Nigeria"," 2003","2.646","34923","","","34923"
"Niue"," 2008","18.750","3","","","3"
"Niue"," 2006","23.529","4","","","4"
"Niue"," 2004","23.529","4","","","4"
"Niue"," 2003","22.222","4","","","4"
"Niue"," 1996","14.286","3","","","3"
"Norway"," 2017","46.336","24583","","","24583"
"Norway"," 2016","44.948","23619","","","23619"
"Norway"," 2015","43.940","22848","","","22848"
"Norway"," 2014","44.266","22754","","","22754"
"Norway"," 2013","43.084","21874","","","21874"
"Norway"," 2012","42.374","21238","","","21238"
"Norway"," 2011","41.927","20744","","","20744"
"Norway"," 2010","41.167","20114","","","20114"
"Norway"," 2009","40.560","19579","","","19579"
"Oman"," 2017","19.697","9132","","","9132"
"Oman"," 2016","20.184","8931","","","8931"
"Oman"," 2015","21.225","8914","","","8914"
"Oman"," 2014","21.841","8651","","","8651"
"Oman"," 2013","20.674","7673","","","7673"
"Oman"," 2012","20.363","7055","","","7055"
"Oman"," 2011","19.547","6328","","","6328"
"Oman"," 2010","19.273","5862","","","5862"
"Oman"," 2009","19.296","5563","","","5563"
"Oman"," 2008","18.826","5194","","","5194"
"Oman"," 2007","18.432","4908","","","4908"
"Oman"," 2006","17.727","4579","","","4579"
"Oman"," 2005","16.653","4182","","","4182"
"Oman"," 2004","15.834","3871","","","3871"
"Oman"," 2000","14.365","3258","","","3258"
"Oman"," 1999","9.641","2174","","","2174"
"Oman"," 1998","9.321","2099","","","2099"
"Oman"," 1997","8.539","1921","","","1921"
"Oman"," 1995","11.237","2477","","","2477"
"Oman"," 1990","7.952","1441","","","1441"
"Oman"," 1985","","958","","","958"
"Oman"," 1980","","514","","","514"
"Oman"," 1975","","147","","","147"
"Oman"," 1970","","13","","","13"
"Pakistan"," 2015","9.753","184711","","","184711"
"Pakistan"," 2011","8.748","152368","","","152368"
"Pakistan"," 2010","8.496","144901","","","144901"
"Pakistan"," 2009","8.354","139555","","","139555"
"Pakistan"," 2008","8.187","133984","","","133984"
"Pakistan"," 2007","7.975","127859","","","127859"
"Pakistan"," 2005","8.209","126350","","","126350"
"Pakistan"," 2004","7.713","116298","","","116298"
"Pakistan"," 2001","6.797","96248","","","96248"
"Pakistan"," 2000","6.629","91823","","","91823"
"Pakistan"," 1999","6.433","87105","","","87105"
"Pakistan"," 1998","6.252","82682","","","82682"
"Pakistan"," 1997","6.079","78470","","","78470"
"Pakistan"," 1996","5.894","74229","","","74229"
"Pakistan"," 1995","5.674","69691","","","69691"
"Pakistan"," 1994","5.527","66196","","","66196"
"Pakistan"," 1993","5.396","63003","","","63003"
"Pakistan"," 1992","5.279","60042","","","60042"
"Palau"," 2014","11.848","25","","","25"
"Palau"," 2010","14.146","29","","","29"
"Palau"," 2009","14.286","29","","","29"
"Palau"," 2006","13.000","26","","","26"
"Palau"," 1998","14.054","26","","","26"
"Panama"," 2016","15.699","6333","","","6333"
"Panama"," 2013","15.808","6068","","","6068"
"Panama"," 2012","15.969","6025","","","6025"
"Panama"," 2011","14.971","5551","","","5551"
"Panama"," 2010","14.056","5121","","","5121"
"Panama"," 2009","13.092","4686","","","4686"
"Panama"," 2008","13.807","4855","","","4855"
"Panama"," 2007","13.032","4501","","","4501"
"Panama"," 2006","13.488","4575","","","4575"
"Panama"," 2005","13.475","4488","","","4488"
"Panama"," 2004","13.216","4321","","","4321"
"Panama"," 2003","13.402","4301","","","4301"
"Panama"," 2002","13.346","4203","","","4203"
"Panama"," 2001","12.438","3843","","","3843"
"Panama"," 1999","12.325","3662","","","3662"
"Panama"," 1998","11.932","3475","","","3475"
"Panama"," 1997","12.033","3434","","","3434"
"Panama"," 1996","12.055","3371","","","3371"
"Panama"," 1995","11.666","3196","","","3196"
"Panama"," 1994","11.255","3021","","","3021"
"Panama"," 1993","11.777","3097","","","3097"
"Panama"," 1992","11.440","2947","","","2947"
"Panama"," 1991","11.220","2831","","","2831"
"Panama"," 1990","11.129","2750","","","2750"
"Papua New Guinea"," 2010","0.529","376","","","376"
"Papua New Guinea"," 2008","0.491","333","","","333"
"Papua New Guinea"," 2000","0.494","275","","","275"
"Paraguay"," 2018","13.660","9421","","","9421"
"Paraguay"," 2017","2.399","1634","","","1634"
"Paraguay"," 2012","12.859","8203","","","8203"
"Paraguay"," 2002","11.537","6355","","","6355"
"Peru"," 2016","12.700","40352","","","40352"
"Peru"," 2012","11.164","33669","","","33669"
"Peru"," 2009","9.404","27272","","","27272"
"Peru"," 2007","16.672","47170","","","47170"
"Peru"," 1999","11.658","29799","","","29799"
"Philippines"," 2010","12.750","119497","","","119497"
"Philippines"," 2009","12.658","116734","","","116734"
"Philippines"," 2008","12.579","114159","","","114159"
"Philippines"," 2007","12.457","111233","","","111233"
"Philippines"," 2006","12.372","108640","","","108640"
"Philippines"," 2005","12.296","106083","","","106083"
"Philippines"," 2004","11.085","93862","","","93862"
"Philippines"," 2003","12.259","101786","","","101786"
"Philippines"," 2002","11.109","90370","","","90370"
"Philippines"," 2001","12.202","97206","","","97206"
"Philippines"," 2000","12.185","95032","","","95032"
"Poland"," 2016","23.998","91730","","","91730"
"Poland"," 2015","23.112","88437","","","88437"
"Poland"," 2014","22.899","87687","","","87687"
"Poland"," 2013","22.252","85246","","","85246"
"Poland"," 2012","22.190","85025","","","85025"
"Poland"," 2011","21.978","84221","","","84221"
"Poland"," 2010","21.710","83201","","","83201"
"Portugal"," 2016","33.356","34595","","","34595"
"Portugal"," 2014","43.964","46036","","","46036"
"Portugal"," 2013","42.322","44555","","","44555"
"Portugal"," 2012","40.752","43123","","","43123"
"Portugal"," 2011","39.579","42054","","","42054"
"Portugal"," 2010","38.181","40672","","","40672"
"Portugal"," 2009","37.610","40095","","","40095"
"Portugal"," 2008","36.549","38932","","","38932"
"Portugal"," 2007","35.657","37904","","","37904"
"Portugal"," 2006","34.834","36924","","","36924"
"Portugal"," 2005","34.203","36138","","","36138"
"Portugal"," 2004","33.446","35213","","","35213"
"Portugal"," 2003","32.840","34440","","","34440"
"Portugal"," 2002","32.317","33751","","","33751"
"Qatar"," 2017","0.008","2","","","2"
"Qatar"," 2016","27.831","7152","","","7152"
"Qatar"," 2014","17.971","4267","","","4267"
"Qatar"," 2010","38.877","6919","","","6919"
"Qatar"," 2009","32.223","5126","","","5126"
"Qatar"," 2008","33.182","4610","","","4610"
"Qatar"," 2006","22.892","2313","","","2313"
"Qatar"," 2005","24.858","2150","","","2150"
"Republic of Korea"," 2017","23.661","120630","","","120630"
"Republic of Korea"," 2016","23.124","117450","","","117450"
"Republic of Korea"," 2015","22.596","114322","","","114322"
"Republic of Korea"," 2014","22.168","111694","","","111694"
"Republic of Korea"," 2013","21.708","108909","","","108909"
"Republic of Korea"," 2012","20.843","104114","","","104114"
"Republic of Korea"," 2011","20.378","101370","","","101370"
"Republic of Korea"," 2010","19.836","98293","","","98293"
"Republic of Korea"," 2009","19.934","98434","","","98434"
"Republic of Korea"," 2008","19.319","95088","","","95088"
"Republic of Korea"," 2007","18.645","91475","","","91475"
"Republic of Korea"," 2006","18.041","88214","","","88214"
"Republic of Korea"," 2005","17.527","85369","","","85369"
"Republic of Korea"," 2004","16.907","81998","","","81998"
"Republic of Moldova"," 2015","32.002","13012","","","13012"
"Republic of Moldova"," 2014","25.389","10333","","","10333"
"Republic of Moldova"," 2013","25.619","10432","","","10432"
"Republic of Moldova"," 2012","24.695","10060","","","10060"
"Republic of Moldova"," 2011","24.673","10060","","","10060"
"Republic of Moldova"," 2010","24.390","9962","","","9962"
"Romania"," 2016","22.586","44670","","","44670"
"Romania"," 2013","26.324","52828","","","52828"
"Romania"," 2012","25.959","52362","","","52362"
"Romania"," 2011","25.207","51153","","","51153"
"Romania"," 2010","24.842","50778","","","50778"
"Romania"," 2002","19.718","43093","","","43093"
"Russian Federation"," 2016","40.139","577856","","","577856"
"Russian Federation"," 2015","39.632","570260","","","570260"
"Russian Federation"," 2014","41.531","597062","","","597062"
"Russian Federation"," 2013","40.153","576580","","","576580"
"Russian Federation"," 2012","40.276","577640","","","577640"
"Russian Federation"," 2011","42.426","607812","","","607812"
"Russian Federation"," 2010","23.984","343345","","","343345"
"Rwanda"," 2017","1.346","1643","1114","529",""
"Rwanda"," 2016","1.400","1668","1107","561",""
"Rwanda"," 2015","1.408","1638","1042","596",""
"Rwanda"," 2014","1.240","1407","834","573",""
"Rwanda"," 2013","0.998","1104","609","495",""
"Saint Kitts and Nevis"," 2015","25.230","137","","","137"
"Saint Kitts and Nevis"," 2001","10.652","49","","","49"
"Saint Kitts and Nevis"," 1999","10.268","46","","","46"
"Saint Kitts and Nevis"," 1998","10.384","46","","","46"
"Saint Kitts and Nevis"," 1997","10.959","48","","","48"
"Saint Kitts and Nevis"," 1996","11.060","48","","","48"
"Saint Kitts and Nevis"," 1995","10.723","46","","","46"
"Saint Kitts and Nevis"," 1994","9.198","39","","","39"
"Saint Kitts and Nevis"," 1993","7.656","32","","","32"
"Saint Kitts and Nevis"," 1992","7.488","31","","","31"
"Saint Kitts and Nevis"," 1991","6.829","28","","","28"
"Saint Kitts and Nevis"," 1990","6.863","28","","","28"
"Saint Lucia"," 2009","1.053","18","","","18"
"Saint Lucia"," 2008","1.596","27","","","27"
"Saint Lucia"," 2007","1.853","31","","","31"
"Saint Lucia"," 2005","5.070","83","","","83"
"Saint Lucia"," 2004","4.192","68","","","68"
"Saint Lucia"," 2003","4.658","75","","","75"
"Saint Lucia"," 2002","4.380","70","","","70"
"Saint Vincent and the Grenadines"," 2010","6.587","72","","","72"
"Saint Vincent and the Grenadines"," 2004","9.300","101","","","101"
"Saint Vincent and the Grenadines"," 2001","5.741","62","","","62"
"Saint Vincent and the Grenadines"," 2000","8.248","89","","","89"
"Saint Vincent and the Grenadines"," 1997","9.352","101","","","101"
"Samoa"," 2016","3.409","67","","",""
"Samoa"," 2013","4.822","92","","","92"
"Samoa"," 2012","3.805","72","72","",""
"Samoa"," 2010","3.437","64","","","64"
"Samoa"," 2008","4.632","85","","","85"
"Samoa"," 2005","2.779","50","","","50"
"Samoa"," 2003","2.814","50","","","50"
"Samoa"," 1999","6.904","120","","","120"
"San Marino"," 2014","61.468","201","","","201"
"San Marino"," 2013","50.774","164","","","164"
"San Marino"," 2012","51.411","164","","","164"
"San Marino"," 2011","49.206","155","","","155"
"Sao Tome and Principe"," 2015","3.200","63","","","63"
"Sao Tome and Principe"," 2004","5.329","81","","","81"
"Saudi Arabia"," 2016","23.900","77138","","","77138"
"Saudi Arabia"," 2014","25.770","79313","","","79313"
"Saudi Arabia"," 2012","24.588","71518","","","71518"
"Saudi Arabia"," 2011","24.633","69559","","","69559"
"Saudi Arabia"," 2010","24.070","66014","","","66014"
"Saudi Arabia"," 2009","20.736","55284","","","55284"
"Saudi Arabia"," 2008","20.584","53397","","","53397"
"Saudi Arabia"," 2001","6.789","14464","","","14464"
"Saudi Arabia"," 2000","7.200","14950","","","14950"
"Senegal"," 2016","0.692","1066","","","1066"
"Senegal"," 2015","2.018","3023","1843","",""
"Senegal"," 2013","3.103","4381","1116","3265",""
"Senegal"," 2008","0.607","741","","","741"
"Senegal"," 2004","0.542","594","","","594"
"Serbia"," 2016","31.250","27563","9026","18537",""
"Serbia"," 2014","24.649","21900","","","21900"
"Serbia"," 2013","24.941","22248","","","22248"
"Serbia"," 2012","24.913","22315","","","22315"
"Serbia"," 2011","24.920","22412","","","22412"
"Serbia"," 2010","24.714","22316","","","22316"
"Serbia"," 2009","22.974","20825","","","20825"
"Seychelles"," 2016","9.458","89","","",""
"Seychelles"," 2012","10.076","93","","","93"
"Seychelles"," 2011","11.656","107","","","107"
"Seychelles"," 2010","10.941","100","","","100"
"Seychelles"," 2009","11.319","103","","","103"
"Seychelles"," 2008","7.718","70","","","70"
"Seychelles"," 2007","10.078","91","","","91"
"Seychelles"," 2006","8.361","75","","","75"
"Seychelles"," 2005","11.725","104","","","104"
"Seychelles"," 2004","13.829","121","","","121"
"Sierra Leone"," 2011","0.250","165","79","86",""
"Sierra Leone"," 2010","0.211","136","","","136"
"Sierra Leone"," 2008","0.154","95","","","95"
"Sierra Leone"," 2004","0.309","168","","","168"
"Singapore"," 2016","23.063","12967","7920","5047",""
"Singapore"," 2014","20.410","11120","","","11120"
"Singapore"," 2013","19.286","10339","","","10339"
"Singapore"," 2012","18.300","9646","","","9646"
"Singapore"," 2011","17.523","9070","","","9070"
"Singapore"," 2010","17.380","8819","","","8819"
"Singapore"," 2009","16.762","8323","","","8323"
"Singapore"," 2008","16.163","7841","","","7841"
"Singapore"," 2007","15.603","7384","","","7384"
"Singapore"," 2006","15.029","6931","","","6931"
"Singapore"," 2005","15.026","6748","","","6748"
"Singapore"," 2004","14.856","6492","","","6492"
"Singapore"," 2003","15.014","6380","","","6380"
"Singapore"," 2001","14.300","5747","","","5747"
"Singapore"," 1999","13.945","5325","","","5325"
"Slovakia"," 2016","24.643","13416","","","13416"
"Slovakia"," 2015","34.414","18719","","","18719"
"Slovakia"," 2013","33.833","18355","","","18355"
"Slovakia"," 2009","32.955","17798","","","17798"
"Slovenia"," 2016","29.953","6224","","","6224"
"Slovenia"," 2015","28.099","5830","","","5830"
"Slovenia"," 2014","27.582","5712","","","5712"
"Slovenia"," 2013","26.214","5416","","","5416"
"Slovenia"," 2012","25.374","5228","","","5228"
"Slovenia"," 2011","24.939","5121","","","5121"
"Slovenia"," 2010","24.345","4979","","","4979"
"Solomon Islands"," 2016","1.999","120","","",""
"Solomon Islands"," 2013","1.899","107","107","",""
"Solomon Islands"," 2012","1.559","86","65","21",""
"Solomon Islands"," 2011","2.020","109","","","109"
"Solomon Islands"," 2008","1.764","89","","","89"
"Solomon Islands"," 2005","1.894","89","","","89"
"Solomon Islands"," 2003","1.343","60","","","60"
"Solomon Islands"," 1999","1.345","54","","","54"
"Somalia"," 2014","0.229","309","","","309"
"Somalia"," 2006","0.280","300","","","300"
"South Africa"," 2017","9.101","51616","","","51616"
"South Africa"," 2016","8.024","44949","","","44949"
"South Africa"," 2015","7.827","43277","","","43277"
"South Africa"," 2014","7.542","41132","","","41132"
"South Africa"," 2013","7.411","39847","","","39847"
"South Africa"," 2012","7.254","38444","","","38444"
"South Africa"," 2011","7.143","37333","","","37333"
"South Africa"," 2010","7.289","37599","","","37599"
"South Africa"," 2004","7.219","34829","","","34829"
"Spain"," 2016","40.691","188595","","","188595"
"Spain"," 2015","38.493","178600","","","178600"
"Spain"," 2014","37.975","176665","","","176665"
"Spain"," 2013","38.046","177665","","","177665"
"Spain"," 2012","38.165","178833","","","178833"
"Spain"," 2011","38.216","179267","","","179267"
"Spain"," 2010","37.409","175033","","","175033"
"Spain"," 2009","47.128","219031","","","219031"
"Spain"," 2008","46.519","213977","","","213977"
"Spain"," 2007","45.843","208098","","","208098"
"Spain"," 2006","45.408","203091","","","203091"
"Spain"," 2005","45.211","199123","","","199123"
"Spain"," 2004","44.904","194668","","","194668"
"Spain"," 2003","44.701","190665","","","190665"
"Spain"," 2002","44.279","185908","","","185908"
"Spain"," 2001","43.587","180417","","","180417"
"Spain"," 2000","43.769","179033","","","179033"
"Spain"," 1999","43.147","174916","","","174916"
"Spain"," 1998","42.562","171494","","","171494"
"Spain"," 1997","41.922","168240","","","168240"
"Spain"," 1996","41.380","165560","","","165560"
"Spain"," 1995","40.774","162650","","","162650"
"Spain"," 1994","40.762","162089","","","162089"
"Spain"," 1993","40.186","159291","","","159291"
"Spain"," 1992","39.503","156100","","","156100"
"Spain"," 1991","38.907","153306","","","153306"
"Spain"," 1990","37.836","148717","","","148717"
"Spain"," 1989","","143803","","","143803"
"Spain"," 1988","","138994","","","138994"
"Spain"," 1987","","135406","","","135406"
"Spain"," 1986","","131080","","","131080"
"Spain"," 1985","","127195","","","127195"
"Spain"," 1984","","121362","","","121362"
"Spain"," 1983","","115251","","","115251"
"Spain"," 1982","","104759","","","104759"
"Spain"," 1981","","96569","","","96569"
"Spain"," 1980","","86253","","","86253"
"Spain"," 1979","","81658","","","81658"
"Spain"," 1978","","75081","","","75081"
"Spain"," 1977","","69080","","","69080"
"Spain"," 1976","","64597","","","64597"
"Spain"," 1975","","54533","","","54533"
"Spain"," 1974","","54533","","","54533"
"Spain"," 1973","","51594","","","51594"
"Spain"," 1972","","49256","","","49256"
"Spain"," 1971","","47419","","","47419"
"Spain"," 1970","","45335","","","45335"
"Spain"," 1969","","44102","","","44102"
"Spain"," 1968","","42460","","","42460"
"Spain"," 1967","","41932","","","41932"
"Spain"," 1966","","40840","","","40840"
"Spain"," 1965","","39709","","","39709"
"Spain"," 1964","","39064","","","39064"
"Spain"," 1963","","37743","","","37743"
"Spain"," 1962","","37374","","","37374"
"Spain"," 1961","","36562","","","36562"
"Spain"," 1960","","35685","","","35685"
"Spain"," 1959","","35228","","","35228"
"Spain"," 1958","","34583","","","34583"
"Spain"," 1957","","33337","","","33337"
"Spain"," 1956","","32477","","","32477"
"Spain"," 1955","","32018","","","32018"
"Spain"," 1954","","31618","","","31618"
"Spain"," 1953","","29138","","","29138"
"Spain"," 1952","","28931","","","28931"
"Sri Lanka"," 2017","9.580","20000","18000","2000",""
"Sri Lanka"," 2016","10.578","22000","20000","2000",""
"Sri Lanka"," 2015","9.746","20188","18243","1945",""
"Sri Lanka"," 2013","10.869","22310","17237","5073",""
"Sri Lanka"," 2010","7.262","14668","","","14668"
"Sri Lanka"," 2009","6.843","13737","","","13737"
"Sri Lanka"," 2008","6.256","12479","","","12479"
"Sri Lanka"," 2007","5.564","11023","","","11023"
"Sri Lanka"," 2006","5.226","10279","","","10279"
"Sri Lanka"," 2005","5.223","10198","","","10198"
"Sri Lanka"," 2004","5.409","10479","","","10479"
"Sri Lanka"," 2001","4.433","8384","","","8384"
"Sri Lanka"," 2000","4.240","7963","","","7963"
"Sri Lanka"," 1999","3.746","6994","","","6994"
"Sri Lanka"," 1998","3.461","6427","","","6427"
"Sri Lanka"," 1997","3.046","5628","","","5628"
"Sri Lanka"," 1996","2.785","5117","","","5117"
"Sri Lanka"," 1995","2.218","4047","","","4047"
"Sri Lanka"," 1994","1.848","3345","","","3345"
"Sri Lanka"," 1993","2.071","3713","","","3713"
"Sri Lanka"," 1992","1.654","2934","","","2934"
"Sri Lanka"," 1991","1.391","2440","","","2440"
"Sri Lanka"," 1988","","2316","","","2316"
"Sri Lanka"," 1986","","2217","","","2217"
"Sri Lanka"," 1980","","2055","","","2055"
"Sudan"," 2015","4.100","15845","","","15845"
"Sudan"," 2008","3.281","10813","","","10813"
"Sudan"," 2007","3.512","11337","","","11337"
"Sudan"," 2006","3.506","11083","","","11083"
"Sudan"," 2004","2.502","7552","","","7552"
"Suriname"," 2018","12.265","697","","","697"
"Suriname"," 2009","7.088","369","255","114",""
"Suriname"," 2004","8.104","400","","","400"
"Suriname"," 2000","4.043","191","","","191"
"Sweden"," 2016","53.996","53119","","","53119"
"Sweden"," 2015","42.861","41848","","","41848"
"Sweden"," 2014","42.049","40743","","","40743"
"Sweden"," 2013","41.271","39683","","","39683"
"Sweden"," 2012","40.396","38541","","","38541"
"Sweden"," 2011","39.582","37468","","","37468"
"Sweden"," 2010","38.871","36501","","","36501"
"Sweden"," 2007","32.405","29693","","","29693"
"Switzerland"," 2016","42.363","35592","","","35592"
"Switzerland"," 2015","41.782","34762","","","34762"
"Switzerland"," 2014","41.053","33785","","","33785"
"Switzerland"," 2013","40.185","32681","","","32681"
"Switzerland"," 2012","38.987","31313","","","31313"
"Switzerland"," 2011","38.241","30327","","","30327"
"Switzerland"," 2010","38.053","29803","","","29803"
"Syrian Arab Republic"," 2016","12.200","22485","","","22485"
"Syrian Arab Republic"," 2014","15.115","29025","","","29025"
"Syrian Arab Republic"," 2010","14.841","31194","","","31194"
"Syrian Arab Republic"," 2009","14.371","29927","","","29927"
"Syrian Arab Republic"," 2008","15.105","30702","","","30702"
"Syrian Arab Republic"," 2007","15.068","29582","","","29582"
"Syrian Arab Republic"," 2005","15.440","28247","","","28247"
"Syrian Arab Republic"," 2004","14.540","25890","","","25890"
"Syrian Arab Republic"," 2003","14.053","24473","","","24473"
"Syrian Arab Republic"," 2002","14.673","25073","","","25073"
"Syrian Arab Republic"," 2000","13.654","22408","","","22408"
"Syrian Arab Republic"," 1999","13.357","21393","","","21393"
"Syrian Arab Republic"," 1998","13.388","20888","","","20888"
"Syrian Arab Republic"," 1997","12.965","19678","","","19678"
"Tajikistan"," 2014","17.003","14219","","","14219"
"Tajikistan"," 2013","16.848","13778","","","13778"
"Tajikistan"," 2012","17.009","13599","","","13599"
"Tajikistan"," 2011","16.949","13247","","","13247"
"Tajikistan"," 2010","16.722","12778","","","12778"
"Tajikistan"," 2008","19.028","13909","","","13909"
"Tajikistan"," 2007","18.724","13392","","","13392"
"Tajikistan"," 2006","18.953","13268","","","13268"
"Tajikistan"," 2005","19.363","13272","","","13272"
"Tajikistan"," 2004","19.366","13000","","","13000"
"Tajikistan"," 2003","19.292","12688","","","12688"
"Tajikistan"," 2002","20.344","13117","","","13117"
"Tajikistan"," 2001","21.212","13421","","","13421"
"Tajikistan"," 2000","21.717","13500","","","13500"
"Tajikistan"," 1999","21.202","12965","","","12965"
"Tajikistan"," 1998","20.843","12551","","","12551"
"Tajikistan"," 1991","26.219","14160","","","14160"
"Thailand"," 2017","8.096","55890","","","55890"
"Thailand"," 2016","4.457","30691","17199","13492",""
"Thailand"," 2015","4.655","31959","","","31959"
"Thailand"," 2010","3.905","26244","","","26244"
"Thailand"," 2009","3.387","22651","","","22651"
"Thailand"," 2008","3.163","21051","","","21051"
"Thailand"," 2007","2.959","19584","","","19584"
"Thailand"," 2006","2.874","18918","","","18918"
"Thailand"," 2004","2.910","18918","","","18918"
"Thailand"," 2002","2.963","18987","","","18987"
"Thailand"," 2001","2.982","18947","","","18947"
"Thailand"," 1999","2.911","18140","","","18140"
"Thailand"," 1998","2.915","17955","","","17955"
"Thailand"," 1997","2.722","16569","","","16569"
"Thailand"," 1995","2.384","14181","","","14181"
"Thailand"," 1993","2.336","13634","","","13634"
"Thailand"," 1991","2.236","12803","","","12803"
"Thailand"," 1989","","12713","","","12713"
"Thailand"," 1987","","9580","","","9580"
"Thailand"," 1985","","8530","","","8530"
"Thailand"," 1983","","7848","","","7848"
"Thailand"," 1981","","6931","","","6931"
"Thailand"," 1979","","6619","","","6619"
"Thailand"," 1977","","5790","","","5790"
"Thailand"," 1975","","5005","","","5005"
"Thailand"," 1973","","4607","","","4607"
"Thailand"," 1971","","4085","","","4085"
"Republic of North Macedonia"," 2015","28.736","5975","","","5975"
"Republic of North Macedonia"," 2013","27.962","5804","","","5804"
"Republic of North Macedonia"," 2012","27.748","5755","","","5755"
"Republic of North Macedonia"," 2011","27.258","5649","","","5649"
"Republic of North Macedonia"," 2010","26.759","5541","","","5541"
"Republic of North Macedonia"," 2009","25.924","5364","","","5364"
"Timor-Leste"," 2017","7.197","933","900","33",""
"Timor-Leste"," 2015","6.696","831","","","831"
"Timor-Leste"," 2014","6.605","801","","","801"
"Timor-Leste"," 2013","3.099","367","345","",""
"Togo"," 2015","0.487","361","97","264",""
"Togo"," 2010","2.022","1315","695","325","295"
"Togo"," 2008","0.566","349","","","349"
"Togo"," 2007","0.484","290","","","290"
"Togo"," 2004","0.441","244","","","244"
"Tonga"," 2013","5.223","55","36","19",""
"Tonga"," 2010","5.572","58","","","58"
"Tonga"," 2009","5.985","62","","","62"
"Tonga"," 2008","5.534","57","","","57"
"Tonga"," 2002","3.024","30","","","30"
"Tonga"," 2001","3.550","35","","","35"
"Trinidad and Tobago"," 2015","26.697","3631","","","3631"
"Trinidad and Tobago"," 2011","18.212","2431","","","2431"
"Trinidad and Tobago"," 2010","18.086","2402","","","2402"
"Trinidad and Tobago"," 2009","15.073","1992","","","1992"
"Trinidad and Tobago"," 2007","11.785","1543","","","1543"
"Trinidad and Tobago"," 2006","12.217","1592","","","1592"
"Trinidad and Tobago"," 2003","8.084","1038","","","1038"
"Trinidad and Tobago"," 2002","8.249","1054","","","1054"
"Trinidad and Tobago"," 2001","9.698","1234","","","1234"
"Trinidad and Tobago"," 2000","10.055","1275","","","1275"
"Trinidad and Tobago"," 1999","9.258","1171","","","1171"
"Trinidad and Tobago"," 1998","9.386","1185","","","1185"
"Trinidad and Tobago"," 1997","7.528","949","","","949"
"Trinidad and Tobago"," 1996","7.605","957","","","957"
"Trinidad and Tobago"," 1995","9.426","1183","","","1183"
"Tunisia"," 2016","12.722","14507","6752","7755",""
"Tunisia"," 2015","12.999","14655","","","14655"
"Tunisia"," 2014","12.677","14127","","","14127"
"Tunisia"," 2010","12.214","12996","","","12996"
"Tunisia"," 2008","11.082","11533","","","11533"
"Tunisia"," 2007","10.248","10554","","","10554"
"Tunisia"," 2005","9.326","9422","","","9422"
"Tunisia"," 2004","13.307","13330","","","13330"
"Tunisia"," 2003","8.239","8189","","","8189"
"Tunisia"," 2002","8.074","7964","","","7964"
"Tunisia"," 2001","7.937","7767","","","7767"
"Tunisia"," 2000","7.675","7444","","","7444"
"Tunisia"," 1999","7.444","7149","","","7149"
"Tunisia"," 1998","7.178","6819","","","6819"
"Tunisia"," 1997","6.888","6464","","","6464"
"Tunisia"," 1996","6.674","6177","","","6177"
"Tunisia"," 1995","6.545","5965","","","5965"
"Tunisia"," 1994","5.967","5344","","","5344"
"Tunisia"," 1993","5.984","5257","","","5257"
"Tunisia"," 1992","5.927","5099","","","5099"
"Tunisia"," 1991","5.346","4500","","","4500"
"Tunisia"," 1990","5.374","4424","","","4424"
"Turkey"," 2014","17.605","135616","","","135616"
"Turkey"," 2013","17.651","133775","","","133775"
"Turkey"," 2012","17.403","129772","","","129772"
"Turkey"," 2011","17.168","126029","","","126029"
"Turkey"," 2010","17.068","123447","","","123447"
"Turkey"," 2009","16.631","118641","","","118641"
"Turkey"," 2008","16.063","113151","","","113151"
"Turkey"," 2007","15.576","108402","","","108402"
"Turkey"," 2006","15.193","104475","","","104475"
"Turkey"," 2005","14.852","100853","","","100853"
"Turkey"," 2004","14.492","97110","","","97110"
"Turkey"," 2003","14.294","94466","","","94466"
"Turkey"," 2002","14.115","91949","","","91949"
"Turkey"," 2001","13.990","89804","","","89804"
"Turkey"," 2000","13.479","85242","","","85242"
"Turkey"," 1999","13.163","81988","","","81988"
"Turkey"," 1998","12.611","77344","","","77344"
"Turkey"," 1997","12.201","73659","","","73659"
"Turkey"," 1996","11.939","70947","","","70947"
"Turkey"," 1995","11.857","69349","","","69349"
"Turkey"," 1994","11.436","65832","","","65832"
"Turkey"," 1993","10.776","61050","","","61050"
"Turkey"," 1992","10.222","56985","","","56985"
"Turkey"," 1991","9.713","53264","","","53264"
"Turkey"," 1990","9.391","50639","","","50639"
"Turkey"," 1989","","46708","","","46708"
"Turkey"," 1988","","42502","","","42502"
"Turkey"," 1987","","38829","","","38829"
"Turkey"," 1986","","37142","","","37142"
"Turkey"," 1985","","36427","","","36427"
"Turkey"," 1984","","34195","","","34195"
"Turkey"," 1983","","32263","","","32263"
"Turkey"," 1982","","30956","","","30956"
"Turkey"," 1981","","28411","","","28411"
"Turkey"," 1980","","27241","","","27241"
"Turkey"," 1979","","26298","","","26298"
"Turkey"," 1978","","25230","","","25230"
"Turkey"," 1977","","23920","","","23920"
"Turkey"," 1976","","23388","","","23388"
"Turkey"," 1975","","21714","","","21714"
"Turkey"," 1974","","20868","","","20868"
"Turkey"," 1973","","18511","","","18511"
"Turkey"," 1972","","16290","","","16290"
"Turkey"," 1971","","16514","","","16514"
"Turkey"," 1970","","15856","","","15856"
"Turkmenistan"," 2014","22.248","12161","","","12161"
"Turkmenistan"," 2013","22.125","11873","","","11873"
"Turkmenistan"," 2012","22.376","11787","","","11787"
"Turkmenistan"," 2011","22.841","11818","","","11818"
"Turkmenistan"," 2010","22.743","11570","","","11570"
"Turkmenistan"," 2002","43.453","20032","","","20032"
"Tuvalu"," 2014","9.174","10","","","10"
"Tuvalu"," 2009","11.538","12","","","12"
"Tuvalu"," 2008","9.709","10","","","10"
"Tuvalu"," 2003","10.204","10","","","10"
"Tuvalu"," 2002","6.250","6","","","6"
"Uganda"," 2015","0.908","3645","","","3645"
"Uganda"," 2012","0.928","3370","2207","",""
"Uganda"," 2005","1.177","3361","","","3361"
"Uganda"," 2004","0.801","2209","","","2209"
"Ukraine"," 2014","30.075","134986","","","134986"
"Ukraine"," 2013","35.097","158344","","","158344"
"Ukraine"," 2012","34.991","158681","","","158681"
"Ukraine"," 2011","34.875","158949","","","158949"
"Ukraine"," 2010","34.830","159495","","","159495"
"United Arab Emirates"," 2016","23.944","22195","","","22195"
"United Arab Emirates"," 2015","22.373","20481","","","20481"
"United Arab Emirates"," 2014","20.268","18385","","","18385"
"United Arab Emirates"," 2013","17.783","16016","","","16016"
"United Arab Emirates"," 2012","15.167","13499","","","13499"
"United Arab Emirates"," 2011","14.824","12856","","","12856"
"United Arab Emirates"," 2010","14.675","12137","","","12137"
"United Arab Emirates"," 2009","15.674","12016","","","12016"
"United Arab Emirates"," 2008","16.869","11630","","","11630"
"United Arab Emirates"," 2007","14.343","8669","","","8669"
"United Arab Emirates"," 2006","13.445","7048","","","7048"
"United Arab Emirates"," 2005","15.222","6971","","","6971"
"United Arab Emirates"," 2004","19.086","7802","","","7802"
"United Arab Emirates"," 2003","20.596","7707","","","7707"
"United Arab Emirates"," 2002","19.865","6967","","","6967"
"United Arab Emirates"," 2001","19.690","6549","","","6549"
"United Arab Emirates"," 2000","17.896","5646","","","5646"
"United Kingdom of Great Britain and Northern Ireland"," 2017","28.058","185692","","","185692"
"United Kingdom of Great Britain and Northern Ireland"," 2016","27.959","183938","","","183938"
"United Kingdom of Great Britain and Northern Ireland"," 2015","27.780","181673","","","181673"
"United Kingdom of Great Britain and Northern Ireland"," 2014","27.769","180543","","","180543"
"United Kingdom of Great Britain and Northern Ireland"," 2013","27.485","177663","","","177663"
"United Kingdom of Great Britain and Northern Ireland"," 2012","27.279","175269","","","175269"
"United Kingdom of Great Britain and Northern Ireland"," 2011","27.176","173415","","","173415"
"United Kingdom of Great Britain and Northern Ireland"," 2010","26.724","169179","","","169179"
"United Kingdom of Great Britain and Northern Ireland"," 1997","22.905","133641","","","133641"
"United Republic of Tanzania"," 2014","0.399","2086","","929","1157"
"United Republic of Tanzania"," 2012","0.302","1481","","","1481"
"United Republic of Tanzania"," 2002","0.228","822","","","822"
"United States of America"," 2016","25.948","835987","","","835987"
"United States of America"," 2015","25.858","827261","","","827261"
"United States of America"," 2014","25.817","820251","","","820251"
"United States of America"," 2013","25.666","809845","","","809845"
"United States of America"," 2012","25.041","784633","","","784633"
"United States of America"," 2011","24.683","767782","","","767782"
"United States of America"," 2010","24.383","752572","","","752572"
"United States of America"," 2005","29.401","867712","","","867712"
"United States of America"," 2004","27.130","793648","","","793648"
"United States of America"," 2000","25.917","730801","","","730801"
"United States of America"," 1995","24.340","646610","","","646610"
"United States of America"," 1985","","525070","","","525070"
"Uruguay"," 2017","50.499","17456","","","17456"
"Uruguay"," 2016","39.329","13545","5021","8524",""
"Uruguay"," 2008","39.385","13197","","","13197"
"Uruguay"," 2002","37.214","12384","","","12384"
"Uzbekistan"," 2014","23.685","72237","","","72237"
"Uzbekistan"," 2013","23.975","71971","","","71971"
"Uzbekistan"," 2012","24.375","72007","","","72007"
"Uzbekistan"," 2011","24.958","72547","","","72547"
"Uzbekistan"," 2010","25.352","72522","","","72522"
"Vanuatu"," 2016","1.706","46","","",""
"Vanuatu"," 2012","1.859","46","","","46"
"Vanuatu"," 2008","1.154","26","","","26"
"Vanuatu"," 2007","1.182","26","","","26"
"Vanuatu"," 2004","1.470","30","","","30"
"Vanuatu"," 1997","1.143","20","","","20"
"Venezuela (Bolivarian Republic of)"," 2001","19.240","48000","","","48000"
"Viet Nam"," 2016","8.199","77539","","","77539"
"Viet Nam"," 2015","7.887","73797","","","73797"
"Viet Nam"," 2014","7.760","71815","","","71815"
"Viet Nam"," 2012","8.150","73717","","","73717"
"Viet Nam"," 2010","7.060","62458","","","62458"
"Viet Nam"," 2009","6.944","60807","","","60807"
"Viet Nam"," 2008","6.612","57333","","","57333"
"Viet Nam"," 2007","6.380","54798","","","54798"
"Viet Nam"," 2006","6.204","52792","","","52792"
"Viet Nam"," 2005","6.104","51466","","","51466"
"Viet Nam"," 2002","5.486","44960","","","44960"
"Viet Nam"," 2001","5.217","42327","","","42327"
"Yemen"," 2014","3.104","8148","","","8148"
"Yemen"," 2009","3.102","7127","","","7127"
"Yemen"," 2008","3.090","6909","","","6909"
"Yemen"," 2004","3.367","6739","","","6739"
"Yemen"," 1997","2.324","3814","","","3814"
"Zambia"," 2016","0.913","1514","","","1514"
"Zambia"," 2012","1.632","2399","","","2399"
"Zambia"," 2011","1.621","2312","","","2312"
"Zambia"," 2010","0.604","836","","","836"
"Zambia"," 2009","0.595","801","","","801"
"Zambia"," 2008","0.608","795","","","795"
"Zambia"," 2006","0.524","649","","","649"
"Zambia"," 2005","0.536","646","","","646"
"Zambia"," 2004","1.278","1499","","","1499"
"Zimbabwe"," 2014","0.763","1176","","","1176"
"Zimbabwe"," 2013","0.740","1114","","","1114"
"Zimbabwe"," 2012","0.720","1059","","","1059"
"Zimbabwe"," 2011","0.733","1054","","","1054"
"Zimbabwe"," 2010","0.650","916","","","916"
"Zimbabwe"," 2009","0.599","827","","","827"
"Zimbabwe"," 2008","0.544","738","","","738"
"Zimbabwe"," 2007","0.500","667","","","667"
"Zimbabwe"," 2004","1.633","2086","","","2086"
"Zimbabwe"," 1995","1.440","1630","","","1630"
"Zimbabwe"," 1990","1.296","1320","","","1320"
"Zimbabwe"," 1985","","1058","","","1058"
