"Country","Year","Nursing and midwifery personnel (per 10 000 population)","Nursing and midwifery personnel  (number)","Nursing personnel (number)","Midwifery personnel (number)"
"Afghanistan"," 2014","3.200","10482","10482",""
"Afghanistan"," 2009","6.162","17257","17257",""
"Afghanistan"," 2008","5.049","13780","12113","1667"
"Afghanistan"," 2007","5.046","13430","11809","1621"
"Afghanistan"," 2006","4.492","11631","11631",""
"Afghanistan"," 2005","5.955","14930","14930",""
"Albania"," 2016","35.998","10534","10534",""
"Albania"," 2013","45.680","13334","13334",""
"Algeria"," 2016","22.400","90958","90958",""
"Algeria"," 2007","19.218","65919","57652","8267"
"Algeria"," 2002","21.800","69749","62177","7572"
"Andorra"," 2015","40.128","313","296","17"
"Angola"," 2009","13.123","29592","29592",""
"Angola"," 2004","9.798","18485","18485",""
"Angola"," 1997","9.031","13627","13135","492"
"Antigua and Barbuda"," 2017","31.176","318","318",""
"Antigua and Barbuda"," 2007","30.306","277","277",""
"Antigua and Barbuda"," 1999","28.484","233","233",""
"Argentina"," 2017","25.800","114219","114219",""
"Argentina"," 2013","42.119","179175","179175",""
"Argentina"," 2004","4.825","18685","14474","4211"
"Argentina"," 2001","4.430","16600","12614","3986"
"Argentina"," 1998","8.002","29000","29000",""
"Argentina"," 1994","21.413","74000","74000",""
"Argentina"," 1992","20.502","69000","69000",""
"Argentina"," 1989","","22400","22400",""
"Argentina"," 1988","","38938","38938",""
"Argentina"," 1979","","40836","40836",""
"Argentina"," 1969","","22976","22976",""
"Armenia"," 2014","56.094","16302","15014","1288"
"Armenia"," 2013","56.513","16352","15070","1282"
"Armenia"," 2012","57.434","16552","15254","1298"
"Armenia"," 2011","57.578","16557","15242","1315"
"Armenia"," 2010","56.949","16386","15076","1310"
"Australia"," 2016","126.612","305462","281752","23710"
"Australia"," 2015","124.667","296701","273173","23528"
"Australia"," 2014","123.747","290493","266860","23633"
"Australia"," 2013","123.747","286482","263232","23250"
"Australia"," 2012","101.797","232321","232321",""
"Australia"," 2011","103.775","233285","217307","15978"
"Australia"," 2010","104.179","230446","216338","14108"
"Australia"," 2009","92.599","201300","188300","13000"
"Australia"," 2006","107.970","222133","209897","12236"
"Australia"," 2001","97.484","187837","176188","11649"
"Australia"," 1996","103.597","189289","178387","10902"
"Austria"," 2016","81.778","71246","69768","1478"
"Austria"," 2015","81.758","70955","69516","1439"
"Austria"," 2014","82.479","71206","69772","1434"
"Austria"," 2013","80.975","69459","68080","1379"
"Austria"," 2012","80.608","68659","67330","1329"
"Austria"," 2011","78.708","66586","65248","1338"
"Austria"," 2010","78.120","65698","64385","1313"
"Azerbaijan"," 2014","69.621","66166","61157","5009"
"Azerbaijan"," 2013","72.167","67731","62336","5395"
"Azerbaijan"," 2012","73.933","68498","63002","5496"
"Azerbaijan"," 2011","75.969","69484","63653","5831"
"Azerbaijan"," 2010","80.506","72717","66401","6316"
"Bahamas"," 2017","31.386","1241","1241",""
"Bahamas"," 2011","39.771","1458","1458",""
"Bahamas"," 2008","39.891","1391","1391",""
"Bahamas"," 1998","45.605","1323","1323",""
"Bahrain"," 2015","24.944","3422","3422",""
"Bahrain"," 2014","24.918","3330","3330",""
"Bahrain"," 2013","25.034","3293","3293",""
"Bahrain"," 2012","24.796","3224","3224",""
"Bahrain"," 2011","24.971","3192","3192",""
"Bahrain"," 2010","24.595","3052","3052",""
"Bahrain"," 2009","25.232","2990","2990",""
"Bahrain"," 2008","25.624","2856","2856",""
"Bahrain"," 2006","27.181","2605","2605",""
"Bahrain"," 2005","26.867","2389","2389",""
"Bahrain"," 2003","28.252","2200","2200",""
"Bahrain"," 2002","28.717","2111","2111",""
"Bahrain"," 2001","31.049","2166","2166",""
"Bahrain"," 2000","29.807","1981","1981",""
"Bangladesh"," 2017","3.067","50510","49323","1187"
"Bangladesh"," 2016","2.559","41697","41697",""
"Bangladesh"," 2015","2.665","42965","41478","1487"
"Bangladesh"," 2014","2.481","39552","38452","1100"
"Bangladesh"," 2013","1.937","30516","30516",""
"Bangladesh"," 2012","2.005","31217","30680","537"
"Bangladesh"," 2011","1.874","28841","28841",""
"Bangladesh"," 2010","1.775","27005","27005",""
"Bangladesh"," 2009","1.662","25011","25011",""
"Bangladesh"," 2008","1.574","23418","23418",""
"Bangladesh"," 2007","1.576","23183","23183",""
"Bangladesh"," 2006","2.754","40040","20129","19911"
"Bangladesh"," 2005","2.752","39471","20117","19354"
"Bangladesh"," 2003","2.670","37122","19500","17622"
"Barbados"," 2017","60.273","1722","1722",""
"Barbados"," 2005","47.847","1311","1311",""
"Barbados"," 2001","58.367","1580","1580",""
"Barbados"," 2000","58.636","1582","1582",""
"Barbados"," 1995","51.321","1360","1360",""
"Belarus"," 2014","114.383","108490","103582","4908"
"Belarus"," 2013","113.050","107159","102277","4882"
"Belarus"," 2012","113.717","107709","102790","4919"
"Belarus"," 2011","110.620","104741","99838","4903"
"Belarus"," 2010","110.705","104872","99995","4877"
"Belarus"," 2009","91.006","86330","86330",""
"Belgium"," 2016","111.011","126091","126091",""
"Belgium"," 2015","108.193","122127","122127",""
"Belgium"," 2014","110.149","123578","118608","4970"
"Belgium"," 2013","109.106","121670","114959","6711"
"Belgium"," 2012","106.277","117793","111331","6462"
"Belgium"," 2011","102.570","112961","108258","4703"
"Belgium"," 2010","105.851","115787","110150","5637"
"Belgium"," 2009","141.082","153219","153219",""
"Belize"," 2017","16.947","635","579","56"
"Belize"," 2012","11.078","373","373",""
"Belize"," 2009","18.159","570","528","42"
"Belize"," 2000","12.252","303","303",""
"Benin"," 2016","6.145","6681","5647","1034"
"Benin"," 2013","6.317","6320","4880","1440"
"Benin"," 2012","6.802","6618","5138","1480"
"Benin"," 2008","8.197","7129","5974","1155"
"Benin"," 2004","7.470","5789","4965","824"
"Bhutan"," 2017","15.094","1219","1219",""
"Bhutan"," 2016","14.151","1129","1129",""
"Bhutan"," 2015","13.589","1070","1070",""
"Bhutan"," 2014","12.325","957","957",""
"Bhutan"," 2013","10.444","799","799",""
"Bhutan"," 2012","9.774","736","736",""
"Bhutan"," 2008","9.501","666","666",""
"Bhutan"," 2007","7.933","545","545",""
"Bhutan"," 2004","8.043","515","330","185"
"Bolivia (Plurinational State of)"," 2016","7.357","8010","8010",""
"Bolivia (Plurinational State of)"," 2011","10.060","10139","10139",""
"Bolivia (Plurinational State of)"," 2010","8.435","8366","8366",""
"Bolivia (Plurinational State of)"," 2007","6.159","5815","5815",""
"Bolivia (Plurinational State of)"," 2001","21.293","18091","17995","96"
"Bosnia and Herzegovina"," 2014","62.998","22465","21352","1113"
"Bosnia and Herzegovina"," 2013","61.171","22052","20903","1149"
"Bosnia and Herzegovina"," 2012","61.680","22502","21241","1261"
"Bosnia and Herzegovina"," 2011","58.996","21763","20534","1229"
"Bosnia and Herzegovina"," 2010","57.924","21560","20331","1229"
"Botswana"," 2016","33.004","7427","7427",""
"Botswana"," 2012","27.837","5816","5816",""
"Botswana"," 2011","28.353","5816","5816",""
"Botswana"," 2010","28.865","5816","5816",""
"Botswana"," 2009","29.375","5816","5424","392"
"Botswana"," 2008","28.853","5616","5314","302"
"Botswana"," 2007","30.114","5765","5765",""
"Botswana"," 2006","26.568","5006","5006",""
"Botswana"," 2005","24.076","4468","4468",""
"Botswana"," 2004","25.983","4753","4753",""
"Botswana"," 2003","24.663","4450","4450",""
"Botswana"," 2002","23.292","4146","4146",""
"Botswana"," 2001","22.759","3994","3994",""
"Botswana"," 2000","24.990","4319","4319",""
"Botswana"," 1999","29.366","4992","4992",""
"Botswana"," 1998","25.545","4265","4265",""
"Brazil"," 2018","97.083","2047172","2047172",""
"Brazil"," 2017","59.552","1246347","1246347",""
"Brazil"," 2013","75.122","1520533","1520533",""
"Brazil"," 2010","73.497","1446403","1446403",""
"Brazil"," 2008","64.453","1243804","1243804",""
"Brazil"," 2007","65.112","1243804","1243804",""
"Brazil"," 2006","37.603","710748","710748",""
"Brazil"," 2005","37.654","703813","703813",""
"Brazil"," 2004","37.138","686089","686089",""
"Brazil"," 2003","36.461","665342","665342",""
"Brazil"," 2002","33.655","606291","606291",""
"Brazil"," 2001","29.804","529765","529765",""
"Brazil"," 2000","37.602","659111","659111",""
"Brazil"," 1999","25.353","438004","438004",""
"Brazil"," 1998","22.692","386158","386158",""
"Brazil"," 1997","20.513","343691","343691",""
"Brazil"," 1996","18.411","303618","303618",""
"Brazil"," 1995","15.735","255376","255376",""
"Brazil"," 1994","14.142","225860","225860",""
"Brazil"," 1993","12.619","198293","198293",""
"Brazil"," 1992","11.429","176648","176648",""
"Brazil"," 1990","9.473","141480","141480",""
"Brunei Darussalam"," 2015","66.012","2756","2756",""
"Brunei Darussalam"," 2014","64.853","2670","2580",""
"Brunei Darussalam"," 2013","75.080","3046","2596","450"
"Brunei Darussalam"," 2012","82.887","3313","2840","473"
"Brunei Darussalam"," 2011","79.645","3138","2628","510"
"Brunei Darussalam"," 2010","74.788","2907","2399","508"
"Brunei Darussalam"," 2009","51.225","1966","1966",""
"Brunei Darussalam"," 2008","51.173","1941","1941",""
"Brunei Darussalam"," 2007","51.080","1915","1458","457"
"Brunei Darussalam"," 2006","53.200","1970","1970",""
"Brunei Darussalam"," 2005","54.929","2006","2006",""
"Brunei Darussalam"," 2004","53.547","1925","1925",""
"Brunei Darussalam"," 2002","61.113","2120","1650","470"
"Brunei Darussalam"," 2000","38.896","1296","892","404"
"Bulgaria"," 2014","53.029","38298","35035","3263"
"Bulgaria"," 2013","53.684","39007","35731","3276"
"Bulgaria"," 2012","52.858","38641","35350","3291"
"Bulgaria"," 2011","51.860","38149","34879","3270"
"Bulgaria"," 2010","51.698","38280","35033","3247"
"Burkina Faso"," 2016","5.696","10620","",""
"Burkina Faso"," 2015","2.400","4347","4347",""
"Burkina Faso"," 2012","6.312","10459","6008","4451"
"Burkina Faso"," 2011","4.564","7340","6066","1274"
"Burkina Faso"," 2010","5.540","8645","5612","3033"
"Burkina Faso"," 2009","4.045","6124","5264","860"
"Burkina Faso"," 2008","3.705","5442","4745","697"
"Burkina Faso"," 2004","5.032","6557","4268","2289"
"Burundi"," 2016","6.800","7156","7156",""
"Burundi"," 2010","6.813","5973","5957","16"
"Burundi"," 2004","1.877","1348","1337","11"
"Cabo Verde"," 2015","12.272","654","654",""
"Cabo Verde"," 2013","11.421","594","594",""
"Cabo Verde"," 2012","10.720","551","551",""
"Cabo Verde"," 2011","10.687","543","543",""
"Cabo Verde"," 2010","10.808","543","543",""
"Cabo Verde"," 2009","9.980","496","496",""
"Cambodia"," 2014","9.547","14579","9096","5483"
"Cambodia"," 2013","9.598","14419","9182","5237"
"Cambodia"," 2012","9.232","13642","8979","4663"
"Cambodia"," 2011","8.735","12699","8649","4050"
"Cambodia"," 2010","8.562","12251","8493","3758"
"Cambodia"," 2009","8.546","12042","8720","3322"
"Cambodia"," 2008","8.455","11736","8491","3245"
"Cambodia"," 2000","9.155","11125","8085","3040"
"Cambodia"," 1998","10.079","11689","8377","3312"
"Cambodia"," 1996","10.592","11630","8409","3221"
"Cameroon"," 2011","9.337","19159","18954","205"
"Cameroon"," 2010","5.365","10714","10714",""
"Cameroon"," 2009","3.924","7626","7626",""
"Cameroon"," 2007","4.472","8226","8226",""
"Cameroon"," 2005","3.849","6705","6705",""
"Cameroon"," 2004","15.356","26042","25997","45"
"Canada"," 2016","99.056","359473","359473",""
"Canada"," 2015","98.398","353738","353738",""
"Canada"," 2014","97.638","347636","347636",""
"Canada"," 2013","94.899","334570","334570",""
"Canada"," 2012","93.473","326227","326227",""
"Canada"," 2011","92.368","319026","319026",""
"Canada"," 2010","93.233","318565","318565",""
"Canada"," 2009","103.743","350547","350547",""
"Canada"," 2008","102.890","343699","343100","599"
"Canada"," 2007","101.208","334187","334187",""
"Canada"," 2006","100.236","327224","326602","622"
"Canada"," 2005","99.467","321159","321159",""
"Canada"," 2004","99.067","316512","315999","513"
"Canada"," 2002","94.707","296630","296217","413"
"Canada"," 2001","100.115","310604","310234","370"
"Canada"," 1998","101.846","307352","307087","265"
"Central African Republic"," 2015","2.039","927","322","605"
"Central African Republic"," 2009","2.491","1097","628","469"
"Central African Republic"," 2008","1.922","835","300","535"
"Central African Republic"," 2004","3.978","1613","908","705"
"Chad"," 2016","3.637","5255","",""
"Chad"," 2013","3.089","4057","3606","451"
"Chad"," 2012","2.800","3557","3141","416"
"Chad"," 2006","1.815","1891","1739","152"
"Chad"," 2004","2.574","2499","2146","353"
"Chad"," 2000","1.248","1041","886","155"
"Chad"," 1999","0.597","480","303","177"
"Chad"," 1998","0.562","436","258","178"
"Chad"," 1997","0.479","359","217","142"
"Chile"," 2016","8.600","15402","15402",""
"Chile"," 2009","1.452","2443","753","1690"
"Chile"," 2008","1.467","2444","753","1691"
"Chile"," 2007","1.412","2328","692","1636"
"Chile"," 2006","1.428","2330","687","1643"
"Chile"," 2005","1.302","2103","580","1523"
"Chile"," 2004","1.307","2087","571","1516"
"Chile"," 2003","1.302","2057","577","1480"
"Chile"," 2002","1.142","1784","470","1314"
"China"," 2015","23.073","3241469","3241469",""
"China"," 2014","21.491","3004144","3004144",""
"China"," 2013","20.015","2783121","2783121",""
"China"," 2012","18.054","2496599","2496599",""
"China"," 2011","16.319","2244020","2244020",""
"China"," 2010","14.979","2048071","2048071",""
"China"," 2009","13.643","1854818","1854818",""
"China"," 2008","12.413","1678091","1678091",""
"China"," 2007","11.597","1558822","1558822",""
"China"," 2006","10.672","1426339","1426339",""
"China"," 2005","10.155","1349589","1349589",""
"China"," 2004","9.903","1308433","1308433",""
"China"," 2003","9.637","1265959","1265959",""
"China"," 2002","9.546","1246545","1246545",""
"China"," 2000","9.818","1266838","1266838",""
"China"," 1999","9.707","1244844","1244844",""
"China"," 1998","9.565","1218836","1218836",""
"China"," 1997","9.466","1198228","1198228",""
"China"," 1996","9.252","1162609","1162609",""
"China"," 1995","9.031","1125661","1125661",""
"China"," 1990","8.269","974541","974541",""
"China"," 1985","","636974","636974",""
"China"," 1980","","465798","465798",""
"China"," 1978","","405223","405223",""
"Colombia"," 2017","12.627","61954","61954",""
"Colombia"," 2016","12.018","58470","58470",""
"Colombia"," 2015","11.400","54980","54980",""
"Colombia"," 2014","10.795","51593","51593",""
"Colombia"," 2013","10.239","48474","48474",""
"Colombia"," 2012","9.671","45341","45341",""
"Colombia"," 2011","9.114","42295","42295",""
"Colombia"," 2010","6.559","30119","30119",""
"Colombia"," 2009","6.440","29246","29246",""
"Colombia"," 2008","6.321","28382","28382",""
"Colombia"," 2007","6.203","27527","27527",""
"Colombia"," 2006","6.087","26681","26681",""
"Colombia"," 2005","5.971","25845","25845",""
"Colombia"," 2004","5.856","25019","25019",""
"Colombia"," 2003","5.742","24202","24202",""
"Colombia"," 2002","5.759","23940","23940",""
"Colombia"," 2001","5.513","22598","22598",""
"Colombia"," 1999","5.260","20944","20944",""
"Colombia"," 1998","5.096","19992","19992",""
"Colombia"," 1997","4.865","18800","18800",""
"Colombia"," 1996","4.778","18181","18181",""
"Colombia"," 1995","4.663","17461","17461",""
"Colombia"," 1994","4.545","16738","16738",""
"Colombia"," 1993","4.422","16005","16005",""
"Colombia"," 1992","4.315","15344","15344",""
"Colombia"," 1991","4.208","14693","14693",""
"Colombia"," 1990","4.091","14019","14019",""
"Colombia"," 1989","","13127","13127",""
"Colombia"," 1988","","12281","12281",""
"Colombia"," 1987","","11389","11389",""
"Colombia"," 1986","","10815","10815",""
"Colombia"," 1985","","10131","10131",""
"Colombia"," 1984","","9345","9345",""
"Comoros"," 2012","9.214","667","","667"
"Comoros"," 2009","7.025","473","274","199"
"Comoros"," 2005","5.625","344","159","185"
"Comoros"," 2004","9.846","588","481","107"
"Congo"," 2011","17.431","7866","7866",""
"Congo"," 2007","8.782","3492","2855","637"
"Congo"," 2006","13.666","5251","4501","750"
"Congo"," 2004","10.185","3672","3214","458"
"Cook Islands"," 2014","57.955","102","68","34"
"Cook Islands"," 2009","61.376","116","116",""
"Cook Islands"," 2004","41.026","80","60","20"
"Cook Islands"," 2001","28.415","52","49","3"
"Costa Rica"," 2013","7.957","3745","3745",""
"Costa Rica"," 2000","9.306","3653","3631","22"
"Côte d'Ivoire"," 2014","8.517","19190","13890","5300"
"Côte d'Ivoire"," 2011","4.649","9714","7361","2353"
"Côte d'Ivoire"," 2008","4.734","9231","6973","2258"
"Côte d'Ivoire"," 2005","4.902","8988","6842","2146"
"Côte d'Ivoire"," 2004","5.656","10180","7773","2407"
"Croatia"," 2016","81.134","34184","34184",""
"Croatia"," 2014","65.095","27714","26136","1578"
"Croatia"," 2013","69.272","29633","28023","1610"
"Croatia"," 2012","63.945","27474","25868","1606"
"Croatia"," 2011","62.776","27078","25485","1593"
"Croatia"," 2010","61.349","26553","25000","1553"
"Cuba"," 2017","77.900","89465","89465",""
"Cuba"," 2014","79.341","90765","90765",""
"Cuba"," 2013","77.429","88364","88364",""
"Cuba"," 2012","80.943","92131","92131",""
"Cuba"," 2010","90.897","103014","103014",""
"Cuba"," 2007","86.520","97800","97800",""
"Cuba"," 2002","74.773","83880","83880",""
"Cyprus"," 2016","52.517","6145","6145",""
"Cyprus"," 2014","41.222","4750","4509","241"
"Cyprus"," 2013","40.773","4664","4421","243"
"Cyprus"," 2009","34.660","3806","3806",""
"Cyprus"," 2008","34.301","3710","3710",""
"Cyprus"," 2007","33.957","3612","3612",""
"Cyprus"," 2002","30.645","2994","2994",""
"Cyprus"," 1995","32.979","2821","2821",""
"Cyprus"," 1990","32.325","2478","2478",""
"Cyprus"," 1985","","2155","2155",""
"Cyprus"," 1980","","1707","1707",""
"Cyprus"," 1976","","1445","1445",""
"Cyprus"," 1970","","1252","1252",""
"Cyprus"," 1965","","927","927",""
"Cyprus"," 1960","","746","746",""
"Czechia"," 2016","84.071","89208","85304","3904"
"Czechia"," 2015","83.691","88744","84450","4294"
"Czechia"," 2014","86.873","92072","87782","4290"
"Czechia"," 2013","83.463","88425","84045","4380"
"Czechia"," 2012","84.220","89162","84688","4474"
"Czechia"," 2011","84.028","88807","84328","4479"
"Czechia"," 2010","84.691","89233","84796","4437"
"Democratic People's Republic of Korea"," 2017","44.382","113135","105125","8010"
"Democratic People's Republic of Korea"," 2014","47.257","118692","110875","7817"
"Democratic People's Republic of Korea"," 2008","41.409","100768","93400","7368"
"Democratic People's Republic of Korea"," 2003","39.686","93414","87330","6084"
"Democratic Republic of the Congo"," 2013","4.700","33518","33518",""
"Democratic Republic of the Congo"," 2009","4.100","25587","25587",""
"Denmark"," 2016","103.004","58835","58835",""
"Denmark"," 2015","172.138","97924","96051","1873"
"Denmark"," 2014","169.632","96078","94252","1826"
"Denmark"," 2013","167.698","94545","92756","1789"
"Denmark"," 2012","165.601","92914","91222","1692"
"Denmark"," 2011","162.695","90831","89206","1625"
"Denmark"," 2010","160.998","89431","87826","1605"
"Denmark"," 2009","159.842","88335","86763","1572"
"Denmark"," 2008","154.684","85042","83605","1437"
"Denmark"," 2005","149.804","81219","79915","1304"
"Denmark"," 2004","145.016","78349","77070","1279"
"Denmark"," 2003","148.559","80029","78708","1321"
"Denmark"," 2001","171.886","92098","90699","1399"
"Denmark"," 1999","142.662","75922","74890","1032"
"Denmark"," 1997","141.888","74884","73852","1032"
"Denmark"," 1994","143.329","74693","73655","1038"
"Djibouti"," 2014","5.350","488","488",""
"Djibouti"," 2005","5.746","450","296","154"
"Djibouti"," 2004","3.841","296","185","111"
"Djibouti"," 2002","7.371","550","550",""
"Djibouti"," 1999","7.042","493","493",""
"Dominica"," 2017","58.999","436","436",""
"Dominica"," 2001","62.841","438","438",""
"Dominica"," 1997","44.774","317","317",""
"Dominican Republic"," 2017","3.099","3337","3337",""
"Dominican Republic"," 2011","13.338","13374","13374",""
"Dominican Republic"," 2009","12.988","12686","12686",""
"Dominican Republic"," 2000","17.929","15352","15352",""
"Ecuador"," 2016","12.000","19662","19662",""
"Ecuador"," 2015","24.882","40171","39707","464"
"Ecuador"," 2011","20.843","31635","29537","2098"
"Ecuador"," 2010","16.679","24910","24910",""
"Ecuador"," 2009","18.898","27764","26208","1556"
"Ecuador"," 2003","15.329","20372","19348","1024"
"Ecuador"," 2002","16.362","21389","20299","1090"
"Ecuador"," 2001","15.909","20447","19390","1057"
"Ecuador"," 2000","16.301","20586","19549","1037"
"Ecuador"," 1999","16.588","20567","19579","988"
"Ecuador"," 1998","16.376","19920","19021","899"
"Ecuador"," 1997","17.107","20400","19558","842"
"Ecuador"," 1996","17.023","19889","19062","827"
"Ecuador"," 1995","16.056","18369","17614","755"
"Ecuador"," 1994","16.406","18369","17614","755"
"Ecuador"," 1993","14.440","15814","15182","632"
"Ecuador"," 1992","16.895","18087","17420","667"
"Ecuador"," 1991","16.670","17439","16866","573"
"Ecuador"," 1990","16.004","16353","15850","503"
"Ecuador"," 1989","","15963","15484","479"
"Ecuador"," 1988","","15740","15292","448"
"Ecuador"," 1987","","15244","14853","391"
"Ecuador"," 1986","","13516","13194","322"
"Ecuador"," 1985","","14060","13759","301"
"Ecuador"," 1984","","13516","13194","322"
"Ecuador"," 1983","","12226","11959","267"
"Ecuador"," 1982","","11578","11295","283"
"Ecuador"," 1981","","11249","10985","264"
"Egypt"," 2017","13.989","136470","136470",""
"Egypt"," 2016","13.835","132381","132381",""
"Egypt"," 2015","15.000","140667","140667",""
"Egypt"," 2014","13.990","128445","128445",""
"Egypt"," 2013","14.741","132381","132381",""
"Egypt"," 2006","22.978","179590","179590",""
"Egypt"," 2004","19.469","146761","144984","1777"
"El Salvador"," 2016","22.780","14453","14453",""
"El Salvador"," 2008","4.794","2929","2929",""
"El Salvador"," 2007","13.726","8350","8350",""
"El Salvador"," 2005","3.457","2084","2084",""
"El Salvador"," 2002","8.590","5103","5103",""
"El Salvador"," 1999","6.755","3935","3935",""
"Equatorial Guinea"," 2017","5.000","634","634",""
"Equatorial Guinea"," 2004","3.739","271","218","53"
"Eritrea"," 2004","6.492","2505","2365","140"
"Estonia"," 2016","64.526","8469","8029","440"
"Estonia"," 2015","63.522","8355","7904","451"
"Estonia"," 2014","62.811","8281","7859","422"
"Estonia"," 2013","61.751","8161","7749","412"
"Estonia"," 2012","64.495","8545","8158","387"
"Estonia"," 2011","68.089","9045","8664","381"
"Estonia"," 2010","66.767","8894","8524","370"
"Estonia"," 2000","86.391","12087","11618","469"
"Eswatini"," 2015","20.000","2638","2638",""
"Eswatini"," 2011","10.544","1292","1292",""
"Eswatini"," 2009","13.771","1626","1626",""
"Eswatini"," 2004","62.350","6828","4590","2238"
"Eswatini"," 2000","31.512","3345","3345",""
"Ethiopia"," 2017","8.400","88164","88164",""
"Ethiopia"," 2009","2.516","21488","20109","1379"
"Ethiopia"," 2008","2.015","16765","15521","1244"
"Ethiopia"," 2007","2.240","18146","17134","1012"
"Ethiopia"," 2006","2.263","17845","16656","1189"
"Ethiopia"," 2005","2.451","18809","17300","1509"
"Ethiopia"," 2004","2.083","15543","14269","1274"
"Ethiopia"," 2003","2.143","15544","14270","1274"
"Fiji"," 2015","29.380","2621","2621",""
"Fiji"," 2013","28.567","2513","2513",""
"Fiji"," 2009","22.969","1957","1957",""
"Fiji"," 2008","21.155","1784","1784",""
"Fiji"," 2003","20.328","1660","1660",""
"Fiji"," 1999","19.541","1576","1576",""
"Finland"," 2016","147.230","81022","81022",""
"Finland"," 2014","150.865","82368","80085","2283"
"Finland"," 2013","148.538","80754","78457","2297"
"Finland"," 2012","149.660","81011","78728","2283"
"Finland"," 2011","149.044","80323","78097","2226"
"Finland"," 2010","146.606","78666","76500","2166"
"Finland"," 2009","237.467","126869","124338","2531"
"Finland"," 2002","150.386","78402","74450","3952"
"France"," 2016","96.887","627062","627062",""
"France"," 2015","109.403","705181","682896","22285"
"France"," 2014","106.163","681464","659856","21608"
"France"," 2013","103.056","658736","637766","20970"
"France"," 2012","99.941","636024","615809","20215"
"France"," 2011","95.763","606596","587080","19516"
"France"," 2008","79.400","494895","476897","17998"
"France"," 2007","80.835","500863","483380","17483"
"France"," 2006","78.906","486006","469011","16995"
"France"," 2005","76.597","469036","452483","16553"
"France"," 2004","74.509","453659","437525","16134"
"France"," 2003","72.521","439115","423431","15684"
"France"," 2002","70.731","425981","410859","15122"
"France"," 2001","68.807","412231","397506","14725"
"France"," 2000","66.648","397279","382926","14353"
"France"," 1999","64.240","381047","367126","13921"
"France"," 1996","60.909","356316","343654","12662"
"France"," 1991","55.735","319013","308141","10872"
"Gabon"," 2016","25.806","5109","4596","513"
"Gabon"," 2004","49.685","6778","6275","503"
"Gambia"," 2015","16.292","3222","2372","850"
"Gambia"," 2012","13.801","2487","2386",""
"Gambia"," 2008","8.882","1411","911","500"
"Gambia"," 2007","8.206","1263","908","355"
"Gambia"," 2006","5.050","753","485","268"
"Gambia"," 2005","5.069","732","476","256"
"Gambia"," 2004","4.969","695","460","235"
"Gambia"," 2003","13.890","1881","1618","263"
"Georgia"," 2015","40.914","16167","15574","593"
"Georgia"," 2014","40.134","16023","15416","607"
"Georgia"," 2013","39.331","15913","15319","594"
"Georgia"," 2012","38.369","15761","15127","634"
"Georgia"," 2011","40.095","16725","16064","661"
"Georgia"," 2010","40.419","17104","16191","913"
"Georgia"," 2009","32.477","13925","12933","992"
"Georgia"," 2008","33.167","14396","13207","1189"
"Germany"," 2016","131.967","1081000","1058000","23000"
"Germany"," 2015","129.241","1056000","1033000","23000"
"Germany"," 2014","134.373","1095000","1072000","23000"
"Germany"," 2013","131.914","1072000","1050000","22000"
"Germany"," 2012","127.797","1036000","1014000","22000"
"Germany"," 2011","126.894","1027000","1005000","22000"
"Germany"," 2010","125.348","1014000","993000","21000"
"Ghana"," 2017","12.000","34600","34600",""
"Ghana"," 2016","15.493","43700","",""
"Ghana"," 2013","15.912","41922","34820","7102"
"Ghana"," 2010","9.182","22507","22507",""
"Ghana"," 2009","10.448","24974","24974",""
"Ghana"," 2008","9.801","22834","16800","6034"
"Ghana"," 2004","9.390","19707","15797","3910"
"Greece"," 2016","33.728","37720","35019","2701"
"Greece"," 2015","33.269","37320","34718","2602"
"Greece"," 2014","35.918","40461","37842","2619"
"Greece"," 2013","36.622","41461","38782","2679"
"Greece"," 2012","37.119","42235","39559","2676"
"Greece"," 2011","36.042","41170","38530","2640"
"Greece"," 2010","35.801","40978","38422","2556"
"Grenada"," 2017","31.447","339","339",""
"Grenada"," 2006","38.529","398","398",""
"Grenada"," 2003","35.742","366","366",""
"Grenada"," 2002","35.847","366","366",""
"Grenada"," 2001","35.953","366","366",""
"Grenada"," 2000","36.024","366","366",""
"Grenada"," 1999","38.856","394","394",""
"Guatemala"," 2018","9.470","16332","16332",""
"Guatemala"," 2009","8.698","12452","12452",""
"Guinea"," 2016","3.844","4765","4389","376"
"Guinea"," 2004","4.645","4408","4061","347"
"Guinea"," 2000","4.320","3805","3506","299"
"Guinea-Bissau"," 2015","14.000","2479","2479",""
"Guinea-Bissau"," 2011","5.507","879","707","172"
"Guinea-Bissau"," 2009","6.867","1042","868","174"
"Guinea-Bissau"," 2008","6.436","953","784","169"
"Guinea-Bissau"," 2004","7.939","1072","912","160"
"Guyana"," 2018","13.398","1048","969","79"
"Guyana"," 2010","10.099","754","754",""
"Guyana"," 2009","13.263","989","789","200"
"Guyana"," 2000","23.072","1738","1738",""
"Haiti"," 2018","6.804","7561","7364","197"
"Haiti"," 2011","11.811","11982","4678","7304"
"Haiti"," 1998","1.010","834","834",""
"Honduras"," 2017","8.815","8167","8167",""
"Honduras"," 2016","17.030","15519","15519",""
"Honduras"," 2013","3.799","3289","3289",""
"Honduras"," 2005","10.573","7796","7796",""
"Honduras"," 2000","13.071","8528","8333","195"
"Hungary"," 2016","66.425","64786","63158","1628"
"Hungary"," 2015","66.811","65367","63673","1694"
"Hungary"," 2014","66.192","64956","63289","1667"
"Hungary"," 2013","66.310","65260","63589","1671"
"Hungary"," 2012","65.309","64458","62742","1716"
"Hungary"," 2011","66.080","65407","63661","1746"
"Hungary"," 2010","66.136","65659","63909","1750"
"Iceland"," 2017","156.806","5253","4978","275"
"Iceland"," 2016","151.429","5035","4770","265"
"Iceland"," 2015","163.144","5387","5112","275"
"Iceland"," 2014","161.005","5289","5019","270"
"Iceland"," 2013","161.070","5267","5003","264"
"Iceland"," 2012","157.266","5119","4863","256"
"Iceland"," 2011","154.793","5006","4728","278"
"Iceland"," 2010","152.201","4875","4625","250"
"Iceland"," 2009","162.006","5121","4871","250"
"Iceland"," 2008","160.051","4976","4726","250"
"Iceland"," 2007","150.917","4606","4361","245"
"Iceland"," 2006","147.047","4407","4167","240"
"Iceland"," 2005","148.407","4378","4146","232"
"Iceland"," 2004","145.070","4223","3999","224"
"Iceland"," 2003","144.583","4164","3948","216"
"Iceland"," 2002","141.045","4024","3816","208"
"Iceland"," 2001","140.120","3964","3745","219"
"Iceland"," 2000","140.300","3934","3728","206"
"India"," 2017","21.071","2821815","1980536","841279"
"India"," 2016","20.981","2778248","2778248",""
"India"," 2014","13.757","1780006","1780006",""
"India"," 2013","12.218","1562186","1562186",""
"India"," 2012","11.132","1406006","1406006",""
"India"," 2011","17.035","2124667","2124667",""
"India"," 2010","15.394","1894968","1894968",""
"India"," 2009","14.021","1702555","1702555",""
"India"," 2008","13.801","1652161","1652161",""
"India"," 2007","13.329","1572363","1572363",""
"India"," 2005","12.947","1481270","959677","521593"
"India"," 2004","12.631","1422452","915528","506924"
"India"," 2003","12.481","1382901","1382901",""
"India"," 2001","11.856","1270299","1270299",""
"India"," 2000","11.693","1231322","1231322",""
"India"," 1991","3.767","334570","274509","60061"
"Indonesia"," 2017","20.583","543386","345276","198110"
"Indonesia"," 2015","13.001","335646","223910","111736"
"Indonesia"," 2013","11.443","288405","288405",""
"Indonesia"," 2012","13.601","338501","217417","121084"
"Indonesia"," 2010","10.581","256625","160074","96551"
"Indonesia"," 2009","8.122","194399","140246","54153"
"Indonesia"," 2003","8.160","179959","125621","54338"
"Indonesia"," 1992","6.264","117612","95183","22429"
"Iran (Islamic Republic of)"," 2015","18.700","148404","148404",""
"Iran (Islamic Republic of)"," 2014","15.453","121166","121166",""
"Iran (Islamic Republic of)"," 2011","19.745","149056","149056",""
"Iran (Islamic Republic of)"," 2006","16.731","119170","118074","1096"
"Iran (Islamic Republic of)"," 2005","13.919","98020","98020",""
"Iran (Islamic Republic of)"," 2004","13.827","96262","83175","13087"
"Iraq"," 2017","16.799","64297","60504","3793"
"Iraq"," 2016","19.400","72173","72173",""
"Iraq"," 2014","18.240","63850","63850",""
"Ireland"," 2016","142.949","67559","67559",""
"Ireland"," 2015","138.727","65203","65203",""
"Ireland"," 2011","128.190","59770","57685","2085"
"Ireland"," 2006","151.020","64990","64990",""
"Israel"," 2016","52.044","42633","42633",""
"Israel"," 2015","50.715","40900","40900",""
"Israel"," 2014","50.328","39967","39967",""
"Israel"," 2013","50.121","39200","39200",""
"Israel"," 2012","49.529","38133","38133",""
"Israel"," 2011","53.750","40682","38991","1691"
"Israel"," 2010","52.634","39086","37493","1593"
"Israel"," 1995","81.349","43389","43389",""
"Italy"," 2017","58.693","348403","331984","16419"
"Italy"," 2016","59.570","354022","337515","16507"
"Italy"," 2015","58.184","346219","330602","15617"
"Italy"," 2014","56.446","336338","320705","15633"
"Italy"," 2013","66.080","394286","381996","12290"
"Italy"," 2012","68.862","411340","396348","14992"
"Italy"," 2011","69.414","414817","399835","14982"
"Jamaica"," 2017","11.397","3294","3294",""
"Jamaica"," 2016","16.204","4669","4287","382"
"Jamaica"," 2015","14.583","4188","3849","339"
"Jamaica"," 2014","14.336","4103","3795","308"
"Jamaica"," 2013","14.384","4102","3791","311"
"Jamaica"," 2012","15.125","4297","4012","285"
"Jamaica"," 2008","10.501","2930","2930",""
"Jamaica"," 2003","16.125","4374","4374",""
"Japan"," 2016","115.184","1471455","1439721","31734"
"Japan"," 2014","111.212","1425322","1394985","30337"
"Japan"," 2012","106.889","1372738","1344388","28350"
"Japan"," 2011","116.382","1495572","1461966","33606"
"Japan"," 2010","102.731","1320623","1294234","26389"
"Japan"," 2008","102.952","1323459","1295670","27789"
"Japan"," 2006","98.112","1260087","1234312","25775"
"Japan"," 2004","94.423","1210633","1185376","25257"
"Japan"," 2002","90.697","1160032","1135692","24340"
"Japan"," 2000","86.546","1103760","1079249","24511"
"Japan"," 1998","82.161","1044491","1020289","24202"
"Japan"," 1996","77.699","984092","960477","23615"
"Japan"," 1994","72.509","914069","891021","23048"
"Japan"," 1992","67.448","845409","822719","22690"
"Japan"," 1990","63.729","793522","770604","22918"
"Japan"," 1988","","741878","718558","23320"
"Japan"," 1986","","686042","661986","24056"
"Japan"," 1984","","635684","611035","24649"
"Japan"," 1982","","585524","560108","25416"
"Japan"," 1980","","530993","505126","25867"
"Jordan"," 2017","33.886","32878","29272","3606"
"Jordan"," 2016","18.900","17871","17871",""
"Jordan"," 2015","25.822","23651","21728","1923"
"Jordan"," 2014","34.467","30363","27601","2762"
"Jordan"," 2013","34.776","29259","26775","2484"
"Jordan"," 2010","35.728","25661","23559","2102"
"Jordan"," 2009","35.362","24121","22136","1985"
"Jordan"," 2008","29.871","19386","17477","1909"
"Jordan"," 2007","30.479","18876","17027","1849"
"Jordan"," 2006","33.390","19814","18219","1595"
"Jordan"," 2005","30.500","17428","15992","1436"
"Jordan"," 2004","32.871","18196","16527","1669"
"Jordan"," 2003","29.994","16187","14687","1500"
"Jordan"," 2002","28.380","15006","13613","1393"
"Jordan"," 2001","30.638","15912","14621","1291"
"Jordan"," 2000","30.507","15568","14353","1215"
"Jordan"," 1999","29.269","14678","13582","1096"
"Jordan"," 1998","28.186","13890","12863","1027"
"Kazakhstan"," 2013","84.890","146072","136640","9432"
"Kazakhstan"," 2012","85.564","144785","135091","9694"
"Kazakhstan"," 2011","84.178","140135","130613","9522"
"Kazakhstan"," 2010","82.398","135125","125492","9633"
"Kenya"," 2014","15.421","70975","70975",""
"Kenya"," 2013","14.444","64748","64748",""
"Kenya"," 2012","14.152","61769","61769",""
"Kenya"," 2011","14.152","60127","60127",""
"Kenya"," 2010","7.177","29678","29678",""
"Kenya"," 2009","3.963","15948","15948",""
"Kenya"," 2008","3.595","14073","14073",""
"Kenya"," 2004","4.603","16146","16146",""
"Kiribati"," 2016","48.287","552","",""
"Kiribati"," 2013","46.175","501","501",""
"Kiribati"," 2011","39.351","412","334","78"
"Kiribati"," 2010","39.376","404","330","74"
"Kiribati"," 2008","36.687","361","361",""
"Kiribati"," 2004","28.729","260","230","30"
"Kiribati"," 1998","23.407","191","191",""
"Kuwait"," 2015","69.694","27430","27430",""
"Kuwait"," 2014","64.997","24585","24585",""
"Kuwait"," 2013","60.813","21883","21883",""
"Kuwait"," 2012","63.323","21502","21502",""
"Kuwait"," 2011","64.542","20596","20596",""
"Kuwait"," 2010","65.158","19535","19535",""
"Kuwait"," 2009","48.083","13554","13554",""
"Kuwait"," 2008","46.827","12420","12420",""
"Kuwait"," 2007","43.269","10832","10832",""
"Kuwait"," 2006","41.467","9858","9858",""
"Kuwait"," 2001","43.600","9197","9197",""
"Kyrgyzstan"," 2013","64.299","36546","34237","2309"
"Kyrgyzstan"," 2012","63.701","35635","33358","2277"
"Kyrgyzstan"," 2011","62.274","34292","32220","2072"
"Kyrgyzstan"," 2010","60.229","32658","30614","2044"
"Kyrgyzstan"," 2009","54.881","29311","29311",""
"Kyrgyzstan"," 2008","55.155","29024","29024",""
"Lao People's Democratic Republic"," 2014","9.756","6416","5669","747"
"Lao People's Democratic Republic"," 2013","9.280","6027","5569","458"
"Lao People's Democratic Republic"," 2012","8.700","5581","5581",""
"Lao People's Democratic Republic"," 2010","8.576","5357","4883","474"
"Lao People's Democratic Republic"," 2009","8.651","5322","4968","354"
"Lao People's Democratic Republic"," 2005","9.948","5724","5724",""
"Lao People's Democratic Republic"," 2004","9.886","5600","5600",""
"Lao People's Democratic Republic"," 2000","10.232","5453","5453",""
"Lao People's Democratic Republic"," 1995","12.552","6090","6090",""
"Latvia"," 2016","48.155","9489","9086","403"
"Latvia"," 2015","48.482","9661","9263","398"
"Latvia"," 2014","49.650","10010","9619","391"
"Latvia"," 2013","50.108","10226","9831","395"
"Latvia"," 2012","49.763","10283","9887","396"
"Latvia"," 2011","50.710","10611","10206","405"
"Latvia"," 2010","51.548","10922","10514","408"
"Latvia"," 2009","43.490","9330","8885","445"
"Latvia"," 2008","47.848","10392","9913","479"
"Latvia"," 2007","45.818","10073","9636","437"
"Latvia"," 2006","45.308","10082","9640","442"
"Latvia"," 2005","45.959","10350","9898","452"
"Latvia"," 2004","45.355","10336","9863","473"
"Latvia"," 2003","44.245","10202","9720","482"
"Latvia"," 2002","43.087","10050","9557","493"
"Latvia"," 2001","43.164","10181","9680","501"
"Latvia"," 2000","43.895","10465","9927","538"
"Latvia"," 1999","43.848","10559","10020","539"
"Latvia"," 1998","46.052","11193","10576","617"
"Latvia"," 1997","48.200","11825","11172","653"
"Latvia"," 1996","50.081","12414","11699","715"
"Latvia"," 1995","51.537","12928","12161","767"
"Latvia"," 1994","52.823","13436","12554","882"
"Latvia"," 1993","60.402","15600","14611","989"
"Latvia"," 1992","63.480","16633","15445","1188"
"Latvia"," 1991","68.134","18050","16754","1296"
"Latvia"," 1990","69.918","18629","17298","1331"
"Lebanon"," 2017","26.448","16087","15034","1053"
"Lebanon"," 2016","24.774","14881","14110","771"
"Lebanon"," 2015","24.438","14300","13500","800"
"Lebanon"," 2014","24.935","13972","12522","1450"
"Lebanon"," 2013","26.150","13797","12200","1597"
"Lebanon"," 2011","25.248","11585","11585",""
"Lebanon"," 2010","20.269","8791","8791",""
"Lebanon"," 2009","19.810","8287","8287",""
"Lebanon"," 2007","16.961","6931","6931",""
"Lebanon"," 2005","11.839","4720","4720",""
"Lebanon"," 2001","12.372","4157","4157",""
"Lesotho"," 2010","6.508","1328","1328",""
"Lesotho"," 2003","5.855","1123","1123",""
"Liberia"," 2015","1.007","453","453",""
"Liberia"," 2010","4.572","1805","1393","412"
"Liberia"," 2008","2.670","978","623","355"
"Liberia"," 2004","3.258","1035","589","446"
"Libya"," 2017","67.416","42975","41934","1041"
"Libya"," 2014","69.657","43216","43216",""
"Libya"," 2013","70.999","43991","43991",""
"Libya"," 2009","70.219","42982","42982",""
"Libya"," 2008","55.327","33490","33490",""
"Libya"," 2004","47.609","27160","27160",""
"Libya"," 1997","34.743","17779","17779",""
"Lithuania"," 2016","79.155","23020","22099","921"
"Lithuania"," 2015","79.034","23172","22260","912"
"Lithuania"," 2014","78.304","23192","22286","906"
"Lithuania"," 2013","77.490","23226","22324","902"
"Lithuania"," 2012","77.651","23585","22691","894"
"Lithuania"," 2011","76.993","23713","22817","896"
"Lithuania"," 2010","78.779","24609","23722","887"
"Luxembourg"," 2017","123.496","7206","6992","214"
"Luxembourg"," 2016","122.408","7047","6836","211"
"Luxembourg"," 2015","123.346","6990","6783","207"
"Luxembourg"," 2014","123.171","6852","6657","195"
"Luxembourg"," 2013","122.710","6684","6481","203"
"Luxembourg"," 2012","122.539","6524","6329","195"
"Luxembourg"," 2011","119.619","6219","6031","188"
"Luxembourg"," 2010","117.543","5970","5786","184"
"Madagascar"," 2014","1.059","2500","2500",""
"Madagascar"," 2012","2.174","4858","3383","1475"
"Madagascar"," 2011","2.179","4737","3288","1449"
"Madagascar"," 2010","2.233","4724","3127","1597"
"Madagascar"," 2009","2.430","4999","3027","1972"
"Madagascar"," 2008","2.811","5622","2872","2750"
"Madagascar"," 2007","2.941","5715","2905","2810"
"Madagascar"," 2006","3.022","5706","2829","2877"
"Madagascar"," 2005","3.500","6418","3434","2984"
"Madagascar"," 2004","2.854","5081","2584","2497"
"Madagascar"," 2003","3.035","5245","2638","2607"
"Madagascar"," 2002","3.129","5245","2638","2607"
"Malawi"," 2016","2.528","4573","4573",""
"Malawi"," 2009","3.270","4812","4812",""
"Malawi"," 2008","2.730","3896","3896",""
"Malawi"," 2004","5.731","7264","7264",""
"Malaysia"," 2015","40.718","125100","125100",""
"Malaysia"," 2012","38.008","110870","87652","23218"
"Malaysia"," 2011","33.893","97054","74788","22266"
"Malaysia"," 2010","32.085","90199","90199",""
"Malaysia"," 2008","26.870","72847","54208","18639"
"Malaysia"," 2002","17.927","43380","34510","8870"
"Malaysia"," 2000","16.752","38840","31129","7711"
"Maldives"," 2016","39.504","1690","1197","493"
"Maldives"," 2015","71.463","2990","2990",""
"Maldives"," 2014","57.227","2336","2336",""
"Maldives"," 2010","51.248","1868","1868",""
"Maldives"," 2009","52.073","1846","1846",""
"Maldives"," 2007","45.790","1539","1539",""
"Maldives"," 2004","28.544","886","886",""
"Maldives"," 1996","13.922","361","361",""
"Maldives"," 1993","7.753","188","188",""
"Maldives"," 1991","6.527","150","150",""
"Maldives"," 1989","","141","141",""
"Mali"," 2016","3.820","6874","6874",""
"Mali"," 2012","3.765","6027","4257","1770"
"Mali"," 2011","3.671","5705","4090","1615"
"Mali"," 2010","4.454","6715","4080","2635"
"Mali"," 2009","4.430","6470","3945","2525"
"Mali"," 2007","2.107","2882","2366","516"
"Mali"," 2004","6.729","8338","5986","2352"
"Malta"," 2015","89.500","3827","3629","198"
"Malta"," 2014","89.145","3794","3603","191"
"Malta"," 2013","78.639","3328","3151","177"
"Malta"," 2012","74.596","3139","2972","167"
"Malta"," 2011","74.474","3116","2951","165"
"Malta"," 2010","71.858","2990","2838","152"
"Marshall Islands"," 2012","35.484","187","175","12"
"Marshall Islands"," 2011","37.143","195","195",""
"Marshall Islands"," 2010","24.237","127","115","12"
"Marshall Islands"," 2007","36.084","188","188",""
"Mauritania"," 2017","10.341","4571","4571",""
"Mauritania"," 2015","9.892","4137","4137",""
"Mauritania"," 2014","9.464","3846","3846",""
"Mauritania"," 2010","7.766","2803","2458","345"
"Mauritania"," 2009","6.568","2303","1953","350"
"Mauritania"," 2004","6.221","1893","1658","235"
"Mauritius"," 2015","33.831","4261","4261",""
"Mauritius"," 2014","32.811","4125","4125",""
"Mauritius"," 2013","31.570","3963","3963",""
"Mauritius"," 2012","29.815","3737","3737",""
"Mauritius"," 2011","29.337","3670","3670",""
"Mauritius"," 2010","28.846","3600","3600",""
"Mauritius"," 2009","28.135","3500","3500",""
"Mauritius"," 2008","27.435","3400","3400",""
"Mauritius"," 2007","26.744","3300","3300",""
"Mauritius"," 2004","37.871","4604","4438","166"
"Mexico"," 2016","29.000","369867","369867",""
"Mexico"," 2015","26.686","335959","335959",""
"Mexico"," 2014","25.964","322524","322524",""
"Mexico"," 2013","25.335","310441","310441",""
"Mexico"," 2012","24.738","298907","298907",""
"Mexico"," 2011","24.378","290317","290317",""
"Mexico"," 2010","23.455","275171","275171",""
"Mexico"," 2000","8.718","88678","88678",""
"Micronesia (Federated States of)"," 2009","36.058","375","312","63"
"Micronesia (Federated States of)"," 2008","26.794","280","264","16"
"Micronesia (Federated States of)"," 2005","23.446","249","229","20"
"Micronesia (Federated States of)"," 2003","23.408","250","230","20"
"Micronesia (Federated States of)"," 2000","38.827","417","410","7"
"Monaco"," 2014","202.625","772","752","20"
"Monaco"," 2013","187.632","713","694","19"
"Monaco"," 2012","179.101","677","657","20"
"Monaco"," 2011","167.733","629","610","19"
"Mongolia"," 2016","39.846","12063","11078","985"
"Mongolia"," 2014","40.480","11836","10948","888"
"Mongolia"," 2013","38.214","10964","10150","814"
"Mongolia"," 2012","37.965","10684","9916","768"
"Mongolia"," 2011","36.730","10143","9420","723"
"Mongolia"," 2010","36.407","9876","9179","697"
"Mongolia"," 2009","36.297","9685","9017","668"
"Mongolia"," 2008","36.547","9605","8912","693"
"Mongolia"," 2002","36.117","8826","8214","612"
"Montenegro"," 2015","57.179","3592","3346","246"
"Montenegro"," 2014","58.244","3656","3413","243"
"Montenegro"," 2013","57.822","3626","3377","249"
"Montenegro"," 2012","53.113","3327","3090","237"
"Montenegro"," 2011","54.980","3439","3204","235"
"Montenegro"," 2010","56.736","3542","3298","244"
"Morocco"," 2017","10.979","39240","32041","7199"
"Morocco"," 2014","8.623","29592","29592",""
"Morocco"," 2013","8.900","30104","30104",""
"Morocco"," 2009","9.281","29689","29689",""
"Morocco"," 2004","8.061","24328","22250","2078"
"Mozambique"," 2017","4.436","13161","7339","5822"
"Mozambique"," 2013","4.017","10620","6432","4188"
"Mozambique"," 2012","3.928","10087","5833","4254"
"Mozambique"," 2011","3.810","9501","5600","3901"
"Mozambique"," 2010","3.925","9507","5397","4110"
"Mozambique"," 2009","3.843","9041","5213","3828"
"Mozambique"," 2007","5.219","11580","11580",""
"Mozambique"," 2006","2.884","6214","6214",""
"Mozambique"," 2004","3.044","6183","3947","2236"
"Myanmar"," 2017","9.794","52271","35792","16479"
"Myanmar"," 2016","10.375","54867","32609","22258"
"Myanmar"," 2015","3.824","20038","16608","3430"
"Myanmar"," 2012","9.585","48871","28254","20617"
"Myanmar"," 2011","9.292","46972","26928","20044"
"Myanmar"," 2010","9.012","45200","25644","19556"
"Myanmar"," 2009","8.693","43293","24242","19051"
"Myanmar"," 2008","8.372","41424","22881","18543"
"Myanmar"," 2007","8.160","40125","22027","18098"
"Myanmar"," 2006","7.939","38778","21075","17703"
"Myanmar"," 2005","7.533","36521","19776","16745"
"Myanmar"," 1988","","16470","8349","8121"
"Namibia"," 2007","27.646","5750","5750",""
"Namibia"," 2004","30.584","6145","6145",""
"Nauru"," 2015","61.947","70","70",""
"Nauru"," 2011","68.627","70","70",""
"Nauru"," 2008","69.697","69","64","5"
"Nauru"," 2004","62.376","63","60","3"
"Nauru"," 1995","60.000","60","60",""
"Nepal"," 2017","26.854","78695","49034","29661"
"Nepal"," 2014","20.300","57495","33293","24202"
"Nepal"," 2013","18.014","50413","27924","22489"
"Nepal"," 2012","15.599","43130","23022","20108"
"Nepal"," 2004","4.672","11825","5664","6161"
"Netherlands"," 2016","111.043","188632","188632",""
"Netherlands"," 2015","104.675","177304","177304",""
"Netherlands"," 2014","105.284","177818","174313","3505"
"New Zealand"," 2017","109.550","51552","48743","2809"
"New Zealand"," 2016","109.198","50895","48256","2639"
"New Zealand"," 2015","107.919","49799","47120","2679"
"New Zealand"," 2014","105.512","48184","45572","2612"
"New Zealand"," 2013","105.209","47528","44714","2814"
"New Zealand"," 2012","105.177","46990","44190","2800"
"New Zealand"," 2011","106.174","46912","44384","2528"
"New Zealand"," 2010","105.760","46218","43789","2429"
"New Zealand"," 2007","105.103","44491","41980","2511"
"New Zealand"," 2001","85.082","33249","31128","2121"
"New Zealand"," 2000","79.917","30840","30840",""
"Nicaragua"," 2018","15.775","9914","9914",""
"Nicaragua"," 2014","13.839","8323","8323",""
"Nicaragua"," 2013","13.864","8243","8243",""
"Nicaragua"," 2012","13.941","8193","8193",""
"Nicaragua"," 2011","13.881","8062","8062",""
"Nicaragua"," 2010","12.838","7366","7366",""
"Nicaragua"," 2009","13.209","7485","7485",""
"Nicaragua"," 2008","13.084","7320","7320",""
"Nicaragua"," 2007","11.970","6610","6610",""
"Nicaragua"," 2006","11.713","6384","6384",""
"Nicaragua"," 2005","11.700","6294","6294",""
"Nicaragua"," 2003","11.185","5862","5862",""
"Niger"," 2014","3.109","5954","5954",""
"Niger"," 2013","2.415","4450","4450",""
"Niger"," 2009","2.043","3231","2528","703"
"Niger"," 2008","1.389","2115","1669","446"
"Niger"," 2004","2.147","2818","2421","397"
"Nigeria"," 2013","14.524","249566","74920",""
"Nigeria"," 2010","13.561","215055","215055",""
"Nigeria"," 2009","10.762","166173","166173",""
"Nigeria"," 2008","14.962","224943","132412","92531"
"Nigeria"," 2007","14.985","219407","128918","90489"
"Nigeria"," 2006","15.026","214288","125292","88996"
"Nigeria"," 2005","15.361","213425","124629","88796"
"Nigeria"," 2003","15.936","210306","127580","82726"
"Niue"," 2008","100.000","16","14","2"
"Niue"," 2006","88.235","15","13","2"
"Niue"," 2004","129.412","22","20","2"
"Niue"," 2003","94.444","17","14","3"
"Niue"," 1996","61.905","13","11","2"
"Norway"," 2017","181.247","96159","93222","2937"
"Norway"," 2016","179.793","94476","91533","2943"
"Norway"," 2015","178.622","92880","89966","2914"
"Norway"," 2014","179.853","92450","89607","2843"
"Norway"," 2013","177.637","90188","87426","2762"
"Norway"," 2012","176.343","88383","85661","2722"
"Norway"," 2011","174.917","86542","83890","2652"
"Norway"," 2010","171.921","83999","81428","2571"
"Norway"," 2009","311.431","150334","147820","2514"
"Oman"," 2017","43.004","19938","19938",""
"Oman"," 2016","44.657","19760","19760",""
"Oman"," 2015","46.028","19331","19331",""
"Oman"," 2014","47.451","18795","18795",""
"Oman"," 2013","45.615","16930","16930",""
"Oman"," 2012","45.105","15627","15627",""
"Oman"," 2011","43.981","14238","14238",""
"Oman"," 2010","42.298","12865","12865",""
"Oman"," 2009","41.977","12102","12102",""
"Oman"," 2008","40.714","11233","11233",""
"Oman"," 2007","39.034","10394","10394",""
"Oman"," 2006","37.224","9615","9615",""
"Oman"," 2005","36.941","9277","9277",""
"Oman"," 2004","35.774","8746","8746",""
"Oman"," 2000","34.519","7829","7829",""
"Oman"," 1999","28.551","6438","6438",""
"Oman"," 1998","28.265","6365","6365",""
"Oman"," 1997","25.745","5792","5792",""
"Oman"," 1995","27.383","6036","6036",""
"Oman"," 1990","22.884","4147","4147",""
"Oman"," 1985","","2288","2288",""
"Oman"," 1980","","1096","1096",""
"Oman"," 1975","","450","450",""
"Pakistan"," 2015","5.004","94766","94766",""
"Pakistan"," 2011","4.460","77683","77683",""
"Pakistan"," 2010","5.886","100397","73244","27153"
"Pakistan"," 2009","5.719","95538","69313","26225"
"Pakistan"," 2008","5.556","90921","65387","25534"
"Pakistan"," 2004","4.760","71764","48446","23318"
"Pakistan"," 2001","4.430","62730","40019","22711"
"Pakistan"," 2000","4.335","60053","37528","22525"
"Pakistan"," 1999","4.311","58380","35979","22401"
"Pakistan"," 1998","4.162","55041","32938","22103"
"Pakistan"," 1997","3.912","50501","28661","21840"
"Pakistan"," 1996","3.687","46438","24776","21662"
"Pakistan"," 1995","3.459","42489","22299","20190"
"Pakistan"," 1994","3.438","41178","21419","19759"
"Pakistan"," 1993","3.331","38886","20245","18641"
"Pakistan"," 1992","3.259","37067","19389","17678"
"Palau"," 2014","52.607","111","111",""
"Palau"," 2010","58.049","119","115","4"
"Palau"," 2009","55.172","112","112",""
"Palau"," 2006","59.000","118","117","1"
"Palau"," 2004","60.606","120","120",""
"Palau"," 1998","61.081","113","113",""
"Panama"," 2016","14.100","5688","5688",""
"Panama"," 2011","23.138","8579","8579",""
"Panama"," 2010","24.761","9021","9021",""
"Panama"," 2006","20.030","6794","6794",""
"Panama"," 2005","20.042","6675","6675",""
"Panama"," 2004","19.908","6509","6509",""
"Panama"," 2003","21.984","7055","7055",""
"Panama"," 2002","19.163","6035","6035",""
"Panama"," 2001","18.413","5689","5689",""
"Panama"," 1999","11.423","3394","3394",""
"Panama"," 1998","10.936","3185","3185",""
"Panama"," 1997","11.048","3153","3153",""
"Panama"," 1996","10.779","3014","3014",""
"Panama"," 1995","10.443","2861","2861",""
"Panama"," 1994","10.253","2752","2752",""
"Panama"," 1993","10.066","2647","2647",""
"Panama"," 1992","9.639","2483","2483",""
"Panama"," 1991","9.742","2458","2458",""
"Panama"," 1990","9.955","2460","2460",""
"Papua New Guinea"," 2010","5.125","3643","3356","287"
"Papua New Guinea"," 2008","4.190","2844","2844",""
"Papua New Guinea"," 2000","5.099","2841","2841",""
"Paraguay"," 2018","11.669","8048","6897","1151"
"Paraguay"," 2017","3.999","2724","2724",""
"Paraguay"," 2012","10.486","6689","6689",""
"Paraguay"," 2002","18.627","10261","9727","534"
"Peru"," 2016","13.500","42894","42894",""
"Peru"," 2012","14.929","45024","33491","11533"
"Peru"," 2009","12.990","37672","28117","9555"
"Peru"," 2007","35.921","101630","101630",""
"Peru"," 1999","6.693","17108","17108",""
"Philippines"," 2010","33.348","312564","312564",""
"Philippines"," 2009","56.589","521865","521865",""
"Philippines"," 2008","51.306","465608","465608",""
"Philippines"," 2007","46.594","416055","416055",""
"Philippines"," 2006","44.088","387134","387134",""
"Philippines"," 2005","42.778","369065","369065",""
"Philippines"," 2004","42.402","359052","359052",""
"Philippines"," 2003","42.376","351858","351858",""
"Philippines"," 2002","42.682","347227","347227",""
"Philippines"," 2001","42.985","342441","342441",""
"Philippines"," 2000","43.165","336650","336650",""
"Poland"," 2016","57.221","218723","195838","22885"
"Poland"," 2015","57.453","219845","197381","22464"
"Poland"," 2014","57.861","221569","199188","22381"
"Poland"," 2013","58.320","223420","200587","22833"
"Poland"," 2012","67.955","260384","236006","24378"
"Poland"," 2011","64.267","246276","223563","22713"
"Poland"," 2010","64.191","246001","223385","22616"
"Portugal"," 2016","63.725","66093","66093",""
"Portugal"," 2014","65.788","68888","66340","2548"
"Portugal"," 2013","64.878","68302","65809","2493"
"Portugal"," 2012","64.121","67852","65404","2448"
"Portugal"," 2011","62.921","66855","64478","2377"
"Portugal"," 2010","60.794","64760","62433","2327"
"Portugal"," 2009","55.908","59601","59601",""
"Portugal"," 2008","53.237","56709","56709",""
"Portugal"," 2007","50.873","54079","54079",""
"Portugal"," 2006","48.071","50955","50955",""
"Portugal"," 2005","45.577","48155","48155",""
"Portugal"," 2004","43.487","45784","45784",""
"Portugal"," 2003","41.812","43849","43849",""
"Portugal"," 2002","40.023","41799","41799",""
"Qatar"," 2016","66.028","16968","16968",""
"Qatar"," 2014","57.998","13771","13771",""
"Qatar"," 2010","59.645","10615","10615",""
"Qatar"," 2009","47.743","7595","7595",""
"Qatar"," 2008","60.664","8428","8428",""
"Qatar"," 2006","61.213","6185","6185",""
"Qatar"," 2005","56.423","4880","4880",""
"Republic of Korea"," 2017","69.735","355524","355524",""
"Republic of Korea"," 2016","68.594","348401","348401",""
"Republic of Korea"," 2015","60.115","304142","303133","1009"
"Republic of Korea"," 2014","56.345","283897","282846","1051"
"Republic of Korea"," 2013","52.442","263097","262001","1096"
"Republic of Korea"," 2012","48.727","243402","242249","1153"
"Republic of Korea"," 2011","47.499","236282","235116","1166"
"Republic of Korea"," 2010","56.243","278702","270393","8309"
"Republic of Korea"," 2009","54.106","267171","258568","8603"
"Republic of Korea"," 2008","51.892","255405","246840","8565"
"Republic of Korea"," 2007","49.788","244274","235687","8587"
"Republic of Korea"," 2006","47.520","232353","223781","8572"
"Republic of Korea"," 2005","45.639","222301","213644","8657"
"Republic of Korea"," 2004","43.433","210640","202012","8628"
"Republic of Moldova"," 2015","45.113","18343","18343",""
"Republic of Moldova"," 2014","55.006","22387","21634","753"
"Republic of Moldova"," 2013","56.736","23103","22358","745"
"Republic of Moldova"," 2012","57.957","23610","22847","763"
"Republic of Moldova"," 2011","58.368","23799","23025","774"
"Republic of Moldova"," 2010","58.438","23869","23079","790"
"Romania"," 2016","60.979","120604","120604",""
"Romania"," 2013","63.273","126978","123520","3458"
"Romania"," 2012","61.370","123791","120084","3707"
"Romania"," 2011","60.122","122006","118129","3877"
"Romania"," 2010","59.238","121084","116921","4163"
"Russian Federation"," 2016","86.212","1241151","1241151",""
"Russian Federation"," 2015","86.567","1245594","1245594",""
"Russian Federation"," 2014","89.509","1286791","1286791",""
"Russian Federation"," 2013","87.802","1260816","1260816",""
"Russian Federation"," 2012","84.968","1218609","1218609",""
"Russian Federation"," 2011","87.461","1253008","1253008",""
"Russian Federation"," 2010","72.541","1038459","1038459",""
"Rwanda"," 2015","8.307","9661","8751","910"
"Rwanda"," 2009","6.654","6639","6485","154"
"Rwanda"," 2008","6.750","6553","6420","133"
"Saint Kitts and Nevis"," 2015","39.779","216","216",""
"Saint Kitts and Nevis"," 2001","63.913","294","294",""
"Saint Kitts and Nevis"," 1999","58.929","264","264",""
"Saint Kitts and Nevis"," 1998","56.208","249","249",""
"Saint Kitts and Nevis"," 1997","55.479","243","243",""
"Saint Kitts and Nevis"," 1996","58.525","254","254",""
"Saint Kitts and Nevis"," 1995","56.410","242","242",""
"Saint Kitts and Nevis"," 1994","59.434","252","252",""
"Saint Kitts and Nevis"," 1993","68.421","286","286",""
"Saint Kitts and Nevis"," 1992","69.082","286","286",""
"Saint Kitts and Nevis"," 1991","69.268","284","284",""
"Saint Kitts and Nevis"," 1990","69.363","283","283",""
"Saint Lucia"," 2014","15.873","280","280",""
"Saint Lucia"," 2005","19.914","326","326",""
"Saint Lucia"," 2004","23.120","375","375",""
"Saint Lucia"," 2003","30.745","495","495",""
"Saint Lucia"," 2001","23.407","371","371",""
"Saint Lucia"," 1999","21.327","331","331",""
"Saint Vincent and the Grenadines"," 2010","25.801","282","282",""
"Saint Vincent and the Grenadines"," 2004","46.409","504","504",""
"Saint Vincent and the Grenadines"," 2001","44.074","476","476",""
"Saint Vincent and the Grenadines"," 2000","41.427","447","447",""
"Saint Vincent and the Grenadines"," 1997","25.556","276","276",""
"Samoa"," 2014","18.565","357","288","69"
"Samoa"," 2012","17.865","338","282","56"
"Samoa"," 2010","15.360","286","286",""
"Samoa"," 2008","18.965","348","298","50"
"Samoa"," 2003","17.445","310","250","60"
"Samoa"," 1999","20.081","349","346","3"
"San Marino"," 2014","87.768","287","270","17"
"San Marino"," 2013","92.260","298","284","14"
"San Marino"," 2012","93.417","298","284","14"
"San Marino"," 2011","88.254","278","264","14"
"Sao Tome and Principe"," 2015","22.600","442","442",""
"Sao Tome and Principe"," 2004","20.263","308","256","52"
"Saudi Arabia"," 2016","57.000","183971","183971",""
"Saudi Arabia"," 2014","52.251","160811","160811",""
"Saudi Arabia"," 2012","48.030","139701","139701",""
"Saudi Arabia"," 2011","47.678","134632","134632",""
"Saudi Arabia"," 2010","47.325","129792","129792",""
"Saudi Arabia"," 2009","41.580","110858","110858",""
"Saudi Arabia"," 2008","39.050","101298","101298",""
"Saudi Arabia"," 2000","17.576","36495","36495",""
"Senegal"," 2016","3.129","4822","2820","2002"
"Senegal"," 2015","7.755","11615","10499","1116"
"Senegal"," 2013","13.851","19558","15785","3773"
"Senegal"," 2008","4.305","5254","4457","797"
"Senegal"," 2004","3.000","3287","2606","681"
"Serbia"," 2016","61.203","53982","53881",""
"Serbia"," 2015","47.192","41771","39292","2479"
"Serbia"," 2014","53.377","47424","44845","2579"
"Serbia"," 2013","53.863","48047","45443","2604"
"Serbia"," 2012","53.719","48116","45512","2604"
"Serbia"," 2011","53.998","48564","45907","2657"
"Serbia"," 2010","53.224","48060","45419","2641"
"Seychelles"," 2016","32.613","307","",""
"Seychelles"," 2012","45.395","419","419",""
"Seychelles"," 2010","45.077","412","412",""
"Seychelles"," 2008","44.873","407","407",""
"Seychelles"," 2007","45.515","411","411",""
"Seychelles"," 2006","46.154","414","414",""
"Seychelles"," 2005","43.968","390","390",""
"Seychelles"," 2004","72.457","634","634",""
"Sierra Leone"," 2014","9.962","7052","6467","585"
"Sierra Leone"," 2011","2.765","1828","1752","76"
"Sierra Leone"," 2010","2.852","1842","922","920"
"Sierra Leone"," 2008","1.607","991","880","111"
"Sierra Leone"," 2004","4.614","2510","1211","1299"
"Singapore"," 2016","72.141","40561","40396","165"
"Singapore"," 2014","58.268","31746","31614","132"
"Singapore"," 2013","56.956","30533","30533",""
"Singapore"," 2012","55.803","29413","29413",""
"Singapore"," 2011","52.085","26959","26959",""
"Singapore"," 2010","57.821","29340","29053","287"
"Singapore"," 2009","53.956","26792","26498","294"
"Singapore"," 2008","49.904","24209","23887","322"
"Singapore"," 2007","47.189","22332","22108","224"
"Singapore"," 2006","45.376","20927","20615","312"
"Singapore"," 2005","44.905","20167","19820","347"
"Singapore"," 2004","44.231","19329","18964","365"
"Singapore"," 2001","43.292","17398","17398",""
"Singapore"," 1999","41.762","15947","15498","449"
"Slovakia"," 2016","91.727","49938","49938",""
"Slovakia"," 2015","60.052","32664","30904","1760"
"Slovakia"," 2014","63.974","34756","32961","1795"
"Slovakia"," 2013","63.921","34678","32903","1775"
"Slovakia"," 2012","64.625","35008","33243","1765"
"Slovakia"," 2011","66.023","35717","33880","1837"
"Slovakia"," 2010","67.526","36493","34619","1874"
"Slovakia"," 2009","63.838","34477","32708","1769"
"Slovenia"," 2016","96.800","20114","19933","181"
"Slovenia"," 2015","88.090","18277","18122","155"
"Slovenia"," 2014","86.581","17930","17790","140"
"Slovenia"," 2013","84.125","17381","17257","124"
"Slovenia"," 2012","82.634","17026","16910","116"
"Slovenia"," 2011","83.832","17214","17107","107"
"Slovenia"," 2010","82.491","16871","16771","100"
"Solomon Islands"," 2016","21.307","1277","",""
"Solomon Islands"," 2013","17.711","998","998",""
"Solomon Islands"," 2012","17.516","966","966",""
"Solomon Islands"," 2011","17.921","967","967",""
"Solomon Islands"," 2009","20.926","1080","934","146"
"Solomon Islands"," 2005","14.769","694","620","74"
"Solomon Islands"," 2003","14.100","630","630",""
"Solomon Islands"," 1999","8.991","361","338","23"
"Somalia"," 2014","0.611","825","825",""
"Somalia"," 2006","0.900","965","965",""
"South Africa"," 2017","35.171","199482","199182",""
"South Africa"," 2016","51.318","287458","287458",""
"South Africa"," 2015","50.391","278617","278617",""
"South Africa"," 2014","49.585","270437","270437",""
"South Africa"," 2013","48.486","260698","260698",""
"South Africa"," 2012","46.933","248736","248736",""
"South Africa"," 2011","45.576","238196","238196",""
"South Africa"," 2010","44.797","231086","231086",""
"South Africa"," 2009","43.518","221817","221817",""
"South Africa"," 2008","42.213","212806","212806",""
"South Africa"," 2007","40.882","203948","203948",""
"South Africa"," 2006","39.890","196914","196914",""
"South Africa"," 2005","39.178","191269","191269",""
"South Africa"," 2004","38.232","184459","184459",""
"South Africa"," 2003","37.298","177721","177721",""
"South Africa"," 2002","36.760","172869","172869",""
"South Africa"," 2001","37.154","172338","172338",""
"South Africa"," 2000","37.536","171645","171645",""
"South Africa"," 1999","38.371","172893","172893",""
"South Africa"," 1998","39.147","173703","173703",""
"Spain"," 2016","55.307","256333","256333",""
"Spain"," 2015","52.919","245533","245533",""
"Spain"," 2014","55.113","256395","247864","8531"
"Spain"," 2013","54.898","256361","248064","8297"
"Spain"," 2012","52.350","245300","245300",""
"Spain"," 2011","52.008","243967","243967",""
"Spain"," 2010","51.266","239867","239867",""
"Spain"," 2009","54.963","255445","255445",""
"Spain"," 2008","54.355","250020","250020",""
"Spain"," 2007","53.529","242990","242990",""
"Spain"," 2006","53.001","237050","237050",""
"Spain"," 2005","52.449","231001","231001",""
"Spain"," 2004","52.013","225487","225487",""
"Spain"," 2003","51.759","220769","220769",""
"Spain"," 2002","50.819","213368","213368",""
"Spain"," 2001","50.384","208551","208551",""
"Spain"," 2000","49.992","204485","204485",""
"Spain"," 1999","48.678","197340","197340",""
"Spain"," 1998","47.800","192598","192598",""
"Spain"," 1997","45.320","181877","181877",""
"Spain"," 1996","44.248","177034","177034",""
"Spain"," 1995","43.151","172132","172132",""
"Spain"," 1994","42.238","167957","167957",""
"Spain"," 1993","42.356","167894","167894",""
"Spain"," 1992","41.728","164891","164891",""
"Spain"," 1991","40.932","161285","161285",""
"Spain"," 1990","40.324","158497","158497",""
"Spain"," 1989","","157194","157194",""
"Spain"," 1988","","152624","152624",""
"Spain"," 1987","","148723","148723",""
"Spain"," 1986","","147462","147462",""
"Spain"," 1985","","143508","143508",""
"Spain"," 1984","","142542","142542",""
"Spain"," 1983","","139846","139846",""
"Spain"," 1982","","136992","136992",""
"Spain"," 1981","","130373","130373",""
"Spain"," 1980","","125313","125313",""
"Spain"," 1979","","111107","111107",""
"Spain"," 1978","","97110","97110",""
"Spain"," 1977","","81743","81743",""
"Sri Lanka"," 2016","21.155","44000","35000","9000"
"Sri Lanka"," 2015","24.870","51516","42710","8806"
"Sri Lanka"," 2013","20.085","41228","31997","9231"
"Sri Lanka"," 2010","17.510","35367","35367",""
"Sri Lanka"," 2009","15.590","31297","31297",""
"Sri Lanka"," 2008","15.072","30063","30063",""
"Sri Lanka"," 2007","20.533","40678","31466","9212"
"Sri Lanka"," 2006","16.737","32922","25287","7635"
"Sri Lanka"," 2005","14.092","27514","20247","7267"
"Sri Lanka"," 2004","17.155","33233","23030","10203"
"Sri Lanka"," 2002","10.624","20248","13577","6671"
"Sri Lanka"," 2001","8.352","15797","15797",""
"Sri Lanka"," 2000","11.916","22380","14986","7394"
"Sri Lanka"," 1999","7.527","14052","14052",""
"Sri Lanka"," 1998","7.873","14621","14621",""
"Sri Lanka"," 1997","7.477","13815","13815",""
"Sri Lanka"," 1996","7.584","13933","13933",""
"Sri Lanka"," 1995","10.846","19791","13177","6614"
"Sri Lanka"," 1994","9.647","17460","11327","6133"
"Sri Lanka"," 1993","10.296","18460","11927","6533"
"Sri Lanka"," 1992","8.677","15394","10035","5359"
"Sri Lanka"," 1991","8.014","14056","9097","4959"
"Sri Lanka"," 1990","7.371","12773","8208","4565"
"Sri Lanka"," 1988","","13211","8471","4740"
"Sri Lanka"," 1980","","9686","6336","3350"
"Sudan"," 2015","8.300","32077","32077",""
"Sudan"," 2014","12.068","45541","45541",""
"Sudan"," 2008","9.843","32439","32439",""
"Sudan"," 2007","10.068","32501","32501",""
"Sudan"," 2006","10.553","33354","18433","14921"
"Sudan"," 2004","10.434","31496","17656","13840"
"Suriname"," 2017","40.983","2309","2137","172"
"Suriname"," 2009","30.772","1602","1549","53"
"Suriname"," 2004","52.269","2580","2523","57"
"Suriname"," 2000","14.564","688","688",""
"Sweden"," 2016","115.434","113558","113558",""
"Sweden"," 2015","118.503","115702","108399","7303"
"Sweden"," 2014","118.931","115237","107988","7249"
"Sweden"," 2013","118.910","114334","107140","7194"
"Sweden"," 2012","118.672","113224","106066","7158"
"Sweden"," 2011","118.355","112034","105009","7025"
"Sweden"," 2010","118.208","111000","103978","7022"
"Sweden"," 2007","109.656","100480","94031","6449"
"Switzerland"," 2016","172.828","145205","142522","2683"
"Switzerland"," 2015","168.152","139899","137306","2593"
"Switzerland"," 2014","163.739","134751","132307","2444"
"Switzerland"," 2013","161.315","131193","128693","2500"
"Switzerland"," 2012","171.995","138141","135695","2446"
"Switzerland"," 2011","171.517","136020","133697","2323"
"Switzerland"," 2010","165.847","129891","127659","2232"
"Syrian Arab Republic"," 2016","14.600","26908","26908",""
"Syrian Arab Republic"," 2014","22.502","43210","43210",""
"Syrian Arab Republic"," 2010","19.056","40053","33959","6094"
"Syrian Arab Republic"," 2009","18.766","39081","33263","5818"
"Syrian Arab Republic"," 2008","18.730","38070","38070",""
"Syrian Arab Republic"," 2007","19.140","37577","37577",""
"Syrian Arab Republic"," 2005","18.915","34604","29110","5494"
"Syrian Arab Republic"," 2004","19.155","34108","28665","5443"
"Syrian Arab Republic"," 2003","18.506","32229","27045","5184"
"Syrian Arab Republic"," 2002","19.602","33496","28325","5171"
"Syrian Arab Republic"," 2000","19.544","32073","27164","4909"
"Syrian Arab Republic"," 1999","19.051","30512","25680","4832"
"Syrian Arab Republic"," 1998","23.184","36172","29500","6672"
"Syrian Arab Republic"," 1997","22.244","33761","27240","6521"
"Tajikistan"," 2014","52.330","43762","39229","4533"
"Tajikistan"," 2013","49.380","40382","36044","4338"
"Tajikistan"," 2012","48.766","38989","34617","4372"
"Tajikistan"," 2011","45.274","35386","31227","4159"
"Tajikistan"," 2010","44.184","33764","29742","4022"
"Tajikistan"," 2009","33.928","25354","24007",""
"Thailand"," 2017","29.647","204675","204675",""
"Thailand"," 2016","27.786","191344","191218",""
"Thailand"," 2015","23.702","162734","155876","6858"
"Thailand"," 2010","20.639","138710","138710",""
"Thailand"," 2009","16.417","109797","109797",""
"Thailand"," 2008","15.838","105398","105398",""
"Thailand"," 2007","15.279","101143","101143",""
"Thailand"," 2006","15.445","101664","101664",""
"Thailand"," 2004","14.877","96704","95834","870"
"Thailand"," 2002","13.217","84683","84683",""
"Thailand"," 2001","12.282","78042","78042",""
"Thailand"," 1999","10.915","68008","68008",""
"Thailand"," 1998","10.343","63708","63708",""
"Thailand"," 1997","9.261","56366","56366",""
"Thailand"," 1995","9.121","54262","54262",""
"Thailand"," 1993","7.996","46671","46671",""
"Thailand"," 1991","7.106","40685","40685",""
"Thailand"," 1989","","37515","37515",""
"Thailand"," 1987","","30752","30752",""
"Thailand"," 1985","","28019","28019",""
"Thailand"," 1983","","23565","23565",""
"Thailand"," 1981","","19599","19599",""
"Thailand"," 1979","","17211","17211",""
"Thailand"," 1977","","15231","15231",""
"Thailand"," 1975","","12658","12658",""
"Thailand"," 1973","","10562","10562",""
"Thailand"," 1971","","9360","9360",""
"Republic of North Macedonia"," 2015","37.917","7884","7884",""
"Republic of North Macedonia"," 2013","47.545","9869","8728","1141"
"Republic of North Macedonia"," 2012","47.237","9797","8609","1188"
"Republic of North Macedonia"," 2011","47.703","9886","8687","1199"
"Republic of North Macedonia"," 2010","47.805","9899","8681","1218"
"Timor-Leste"," 2017","16.701","2165","1517","648"
"Timor-Leste"," 2015","14.287","1773","1192","581"
"Timor-Leste"," 2014","13.580","1647","1121","526"
"Timor-Leste"," 2013","9.659","1144","1052","92"
"Timor-Leste"," 2011","11.339","1283","883","400"
"Timor-Leste"," 2010","11.310","1255","867","388"
"Timor-Leste"," 2009","11.136","1216","838","378"
"Timor-Leste"," 2008","10.231","1103","761","342"
"Timor-Leste"," 2007","9.925","1057","728","329"
"Timor-Leste"," 2004","18.009","1795","1467","328"
"Togo"," 2015","2.980","2210","1341","869"
"Togo"," 2010","14.434","9386","6424","2962"
"Togo"," 2008","2.947","1816","1240","576"
"Togo"," 2007","4.122","2472","1468","1004"
"Togo"," 2004","3.500","1937","1667","270"
"Tonga"," 2016","39.320","421","",""
"Tonga"," 2013","38.746","408","384","24"
"Tonga"," 2010","38.425","400","379","21"
"Tonga"," 2009","36.486","378","357","21"
"Tonga"," 2008","35.340","364","345","19"
"Tonga"," 2002","35.282","350","330","20"
"Tonga"," 2001","34.584","341","322","19"
"Trinidad and Tobago"," 2015","35.093","4773","4773",""
"Trinidad and Tobago"," 2011","32.806","4379","4379",""
"Trinidad and Tobago"," 2010","29.403","3905","3905",""
"Trinidad and Tobago"," 2009","34.700","4586","4586",""
"Trinidad and Tobago"," 2007","35.721","4677","4677",""
"Trinidad and Tobago"," 2006","35.523","4629","4629",""
"Trinidad and Tobago"," 2003","30.997","3980","3980",""
"Trinidad and Tobago"," 2002","29.856","3815","3815",""
"Trinidad and Tobago"," 2001","27.759","3532","3532",""
"Trinidad and Tobago"," 2000","25.978","3294","3294",""
"Trinidad and Tobago"," 1999","28.850","3649","3649",""
"Trinidad and Tobago"," 1998","27.255","3441","3441",""
"Trinidad and Tobago"," 1997","22.932","2891","2891",""
"Trinidad and Tobago"," 1996","22.656","2851","2851",""
"Trinidad and Tobago"," 1995","29.777","3737","3737",""
"Tunisia"," 2016","26.351","30049","30049",""
"Tunisia"," 2015","26.478","29851","29851",""
"Tunisia"," 2014","24.406","27198","27198",""
"Tunisia"," 2010","22.402","23836","23836",""
"Tunisia"," 2009","21.536","22660","22660",""
"Tunisia"," 2008","21.772","22659","22659",""
"Tunisia"," 2004","28.487","28537","25654","2883"
"Tunisia"," 2003","20.799","20674","20674",""
"Turkey"," 2015","26.304","205889","152803","53086"
"Turkey"," 2014","32.209","248108","195270","52838"
"Turkey"," 2013","32.512","246398","192971","53427"
"Turkey"," 2012","32.431","241838","188372","53466"
"Turkey"," 2011","31.167","228792","176887","51905"
"Turkey"," 2010","29.789","215458","165115","50343"
"Turkey"," 2009","21.662","154533","105176","49357"
"Turkey"," 2008","20.952","147583","99910","47673"
"Turkey"," 2007","20.380","141836","94661","47175"
"Turkey"," 2006","18.485","127109","82626","44483"
"Turkey"," 2005","17.926","121723","78182","43541"
"Turkey"," 2004","17.756","118982","75753","43229"
"Turkey"," 2003","17.575","116145","74483","41662"
"Turkey"," 2002","17.480","113872","72393","41479"
"Turkey"," 2001","17.806","114298","72607","41691"
"Turkey"," 2000","17.575","111144","69550","41594"
"Turkey"," 1999","17.908","111541","70270","41271"
"Turkey"," 1998","17.986","110305","69246","41059"
"Turkey"," 1997","17.805","107495","67265","40230"
"Turkey"," 1996","17.413","103471","64526","38945"
"Turkey"," 1995","17.747","103794","64243","39551"
"Turkey"," 1994","15.962","91884","56280","35604"
"Turkey"," 1993","15.980","90531","54268","36263"
"Turkey"," 1992","15.346","85552","50456","35096"
"Turkey"," 1991","14.818","81264","47540","33724"
"Turkey"," 1990","13.983","75399","44984","30415"
"Turkey"," 1989","","71179","43374","27805"
"Turkey"," 1988","","64568","38903","25665"
"Turkey"," 1987","","56837","34855","21982"
"Turkey"," 1986","","51519","32392","19127"
"Turkey"," 1985","","48841","30854","17987"
"Turkey"," 1984","","45797","30261","15536"
"Turkey"," 1983","","43886","29316","14570"
"Turkey"," 1982","","42697","29243","13454"
"Turkey"," 1981","","43349","29459","13890"
"Turkey"," 1980","","42760","26880","15880"
"Turkey"," 1979","","39701","23797","15904"
"Turkey"," 1978","","37185","20966","16219"
"Turkey"," 1977","","36644","19859","16785"
"Turkey"," 1976","","30439","16566","13873"
"Turkey"," 1975","","27781","14806","12975"
"Turkey"," 1974","","24869","12641","12228"
"Turkey"," 1973","","26968","13401","13567"
"Turkey"," 1972","","24414","11358","13056"
"Turkey"," 1971","","21612","9436","12176"
"Turkey"," 1970","","20117","8796","11321"
"Turkmenistan"," 2014","46.306","25312","24201","1111"
"Turkmenistan"," 2013","46.488","24947","23855","1092"
"Turkmenistan"," 2012","46.959","24737","23686","1051"
"Turkmenistan"," 2011","47.175","24409","23354","1055"
"Turkmenistan"," 2010","47.165","23994","22961","1033"
"Turkmenistan"," 2002","94.054","43359","43359",""
"Tuvalu"," 2014","37.615","41","41",""
"Tuvalu"," 2008","62.136","64","54","10"
"Tuvalu"," 2003","51.020","50","40","10"
"Tuvalu"," 2002","40.625","39","29","10"
"Uganda"," 2015","6.303","25305","16490","8815"
"Uganda"," 2012","11.351","41213","40816",""
"Uganda"," 2005","13.181","37625","37625",""
"Uganda"," 2004","6.881","18969","14805","4164"
"Ukraine"," 2014","70.576","316771","300489","16282"
"Ukraine"," 2013","80.038","361096","342833","18263"
"Ukraine"," 2012","79.660","361254","341504","19750"
"Ukraine"," 2011","79.118","360591","340832","19759"
"Ukraine"," 2010","79.104","362236","342156","20080"
"United Arab Emirates"," 2016","55.857","51777","51777",""
"United Arab Emirates"," 2015","50.419","46155","46155",""
"United Arab Emirates"," 2014","40.214","36478","36478",""
"United Arab Emirates"," 2013","34.113","30723","30723",""
"United Arab Emirates"," 2012","30.914","27515","27515",""
"United Arab Emirates"," 2011","29.461","25550","25550",""
"United Arab Emirates"," 2010","27.425","22682","22682",""
"United Arab Emirates"," 2009","30.201","23153","23153",""
"United Arab Emirates"," 2008","28.979","19979","19979",""
"United Arab Emirates"," 2007","30.416","18384","18384",""
"United Arab Emirates"," 2006","28.310","14840","14840",""
"United Arab Emirates"," 2005","30.055","13764","13764",""
"United Arab Emirates"," 2004","33.357","13636","13636",""
"United Arab Emirates"," 2003","39.231","14680","14680",""
"United Arab Emirates"," 2002","37.668","13211","13211",""
"United Arab Emirates"," 2001","36.921","12280","12280",""
"United Arab Emirates"," 2000","33.786","10659","10659",""
"United Arab Emirates"," 1999","36.139","10799","10799",""
"United Arab Emirates"," 1998","43.297","12288","12288",""
"United Arab Emirates"," 1997","35.133","9486","9486",""
"United Arab Emirates"," 1996","35.200","9050","9050",""
"United Arab Emirates"," 1995","35.315","8648","8648",""
"United Arab Emirates"," 1994","36.527","8506","8506",""
"United Arab Emirates"," 1993","37.506","8279","8279",""
"United Arab Emirates"," 1992","39.370","8215","8215",""
"United Arab Emirates"," 1991","37.680","7423","7423",""
"United Arab Emirates"," 1990","27.836","5178","5178",""
"United Kingdom of Great Britain and Northern Ireland"," 2017","82.878","548498","516930","31568"
"United Kingdom of Great Britain and Northern Ireland"," 2016","83.341","548291","516974","31317"
"United Kingdom of Great Britain and Northern Ireland"," 2015","88.271","577269","545954","31315"
"United Kingdom of Great Britain and Northern Ireland"," 2014","86.354","561438","529088","32350"
"United Kingdom of Great Britain and Northern Ireland"," 2013","90.978","588091","556184","31907"
"United Kingdom of Great Britain and Northern Ireland"," 2012","91.179","585830","554279","31551"
"United Kingdom of Great Britain and Northern Ireland"," 2011","92.669","591339","560233","31106"
"United Kingdom of Great Britain and Northern Ireland"," 2010","99.578","630394","597534","32860"
"United Kingdom of Great Britain and Northern Ireland"," 1997","121.551","709209","672810","36399"
"United Republic of Tanzania"," 2014","4.126","21552","21552",""
"United Republic of Tanzania"," 2012","4.238","20800","20800",""
"United Republic of Tanzania"," 2006","2.323","9440","6720","2720"
"United Republic of Tanzania"," 2002","3.681","13292","10729","2563"
"United States of America"," 2015","85.500","2735394","2735394",""
"United States of America"," 2014","88.320","2806100","2806100",""
"United States of America"," 2010","126.078","3891298","3891298",""
"United States of America"," 2005","99.177","2927000","2927000",""
"United States of America"," 2000","94.673","2669603","2669603",""
"United States of America"," 1995","89.400","2375000","2375000",""
"United States of America"," 1985","","1862100","1862100",""
"Uruguay"," 2017","19.299","6671","6671",""
"Uruguay"," 2016","62.782","21622","21137","485"
"Uruguay"," 2008","58.479","19595","19595",""
"Uruguay"," 2006","29.865","9948","9948",""
"Uruguay"," 2002","8.654","2880","2880",""
"Uzbekistan"," 2014","120.739","368250","343223","25027"
"Uzbekistan"," 2013","121.486","364696","339015","25681"
"Uzbekistan"," 2012","122.176","360919","335616","25303"
"Uzbekistan"," 2011","122.730","356755","331046","25709"
"Uzbekistan"," 2010","122.281","349800","324493","25307"
"Vanuatu"," 2016","13.853","374","",""
"Vanuatu"," 2012","18.545","459","397","62"
"Vanuatu"," 2008","16.866","380","332","48"
"Vanuatu"," 2007","15.636","344","344",""
"Vanuatu"," 2004","17.638","360","310","50"
"Vanuatu"," 1997","24.457","428","428",""
"Venezuela (Bolivarian Republic of)"," 2001","11.223","28000","28000",""
"Venezuela (Bolivarian Republic of)"," 1997","6.499","15020","15020",""
"Viet Nam"," 2016","14.321","135432","106654","28778"
"Viet Nam"," 2015","14.092","131858","102721","29137"
"Viet Nam"," 2014","14.171","131141","102011","29130"
"Viet Nam"," 2012","14.419","130425","100353","30072"
"Viet Nam"," 2010","12.256","108435","81543","26892"
"Viet Nam"," 2009","11.022","96511","71465","25046"
"Viet Nam"," 2008","10.152","88025","65052","22973"
"Viet Nam"," 2007","9.448","81146","60329","20817"
"Viet Nam"," 2006","8.748","74441","55421","19020"
"Viet Nam"," 2005","8.263","69665","51573","18092"
"Viet Nam"," 2002","7.542","61810","46560","15250"
"Viet Nam"," 2001","7.296","59201","44539","14662"
"Yemen"," 2014","7.300","19159","19159",""
"Yemen"," 2010","7.028","16590","12447","4143"
"Yemen"," 2004","6.867","13746","13333","413"
"Yemen"," 1997","4.039","6627","4989","1638"
"Zambia"," 2016","8.925","14807","11666","3141"
"Zambia"," 2010","7.171","9932","7461","2471"
"Zambia"," 2009","7.058","9497","7123","2374"
"Zambia"," 2008","6.949","9091","6691","2400"
"Zambia"," 2006","6.758","8369","6096","2273"
"Zambia"," 2005","6.944","8369","6096","2273"
"Zimbabwe"," 2014","11.546","17795","17795",""
"Zimbabwe"," 2013","12.436","18722","18722",""
"Zimbabwe"," 2012","10.561","15536","15536",""
"Zimbabwe"," 2011","11.832","17022","17022",""
"Zimbabwe"," 2010","12.089","17029","17029",""
"Zimbabwe"," 2009","12.069","16668","16668",""
"Zimbabwe"," 1995","15.389","17421","14180","3241"
"Zimbabwe"," 1990","14.896","15169","12518","2651"
"Zimbabwe"," 1985","","12572","9533","3039"
